Date,Open,High,Low,Close,Volume,Dividends,Stock Splits
2021-07-26 00:00:00-04:00,144.5264338354404,146.0470440562457,143.97081824593766,145.22825622558594,72434100,0.0,0.0
2021-07-27 00:00:00-04:00,145.35501995009983,145.44275893789174,141.87516288945258,143.06436157226562,104818600,0.0,0.0
2021-07-28 00:00:00-04:00,141.1538434950934,143.2593115153304,138.94115215326465,141.31954956054688,118931200,0.0,0.0
2021-07-29 00:00:00-04:00,141.03686397561236,142.84990322262558,140.92964066468824,141.96287536621094,56699500,0.0,0.0
2021-07-30 00:00:00-04:00,140.73467853831747,142.63544169374407,140.47149137109437,142.17730712890625,70440600,0.0,0.0
2021-08-02 00:00:00-04:00,142.6647202141764,143.23982039265098,141.58274477107045,141.84593200683594,62880000,0.0,0.0
2021-08-03 00:00:00-04:00,142.12858155366985,144.30227426975748,141.51448305654833,143.6394500732422,64786600,0.0,0.0
2021-08-04 00:00:00-04:00,143.55173491626834,144.05859526042843,142.58672505684436,143.23980712890625,56368300,0.0,0.0
2021-08-05 00:00:00-04:00,143.26903344221475,144.107320690727,142.47948676454712,143.34701538085938,46397700,0.0,0.0
2021-08-06 00:00:00-04:00,142.86869219057516,143.61060825982952,142.16581806356817,142.66368103027344,54126800,0.22,0.0
2021-08-09 00:00:00-04:00,142.72225212556916,143.21035833317768,142.05843483321482,142.6148681640625,48908700,0.0,0.0
2021-08-10 00:00:00-04:00,142.9565198163916,144.19631350606738,141.84363848192044,142.13650512695312,69023100,0.0,0.0
2021-08-11 00:00:00-04:00,142.57580253562702,143.22986295766566,142.0681679932176,142.39031982421875,48493500,0.0,0.0
2021-08-12 00:00:00-04:00,142.7124810649403,145.50444888855472,142.37080079552103,145.34825134277344,72282600,0.0,0.0
2021-08-13 00:00:00-04:00,145.42637130499,145.88519235268876,144.74302556240244,145.55328369140625,59375000,0.0,0.0
2021-08-16 00:00:00-04:00,145.0065628373872,147.59353426907154,142.9858112009547,147.5251922607422,103296000,0.0,0.0
2021-08-17 00:00:00-04:00,146.65636676617194,148.07187159409528,145.5434853619502,146.61732482910156,92229700,0.0,0.0
2021-08-18 00:00:00-04:00,146.23660593235846,147.134719463398,142.67342208980006,142.87843322753906,86326000,0.0,0.0
2021-08-19 00:00:00-04:00,141.5800696426097,144.4794213850425,141.0626783117476,143.21034240722656,86960300,0.0,0.0
2021-08-20 00:00:00-04:00,143.93278806010758,144.96757103229274,143.2884841694112,144.66494750976562,60549600,0.0,0.0
2021-08-23 00:00:00-04:00,144.78206681885666,146.61735100093347,144.37205937525184,146.14877319335938,60131800,0.0,0.0
2021-08-24 00:00:00-04:00,145.89492826143862,147.27139120779157,145.60206158624175,146.06088256835938,48606400,0.0,0.0
2021-08-25 00:00:00-04:00,146.24637657624294,146.74425443123712,144.28419502392072,144.83087158203125,58991300,0.0,0.0
2021-08-26 00:00:00-04:00,144.82112485660906,145.5727977281921,144.00109506679658,144.03038024902344,48597200,0.0,0.0
2021-08-27 00:00:00-04:00,143.97178711441077,145.21158091727293,143.33725507209095,145.06515502929688,55802400,0.0,0.0
2021-08-30 00:00:00-04:00,145.45562564226032,149.83882401907485,145.07490345956626,149.4776153564453,90956700,0.0,0.0
2021-08-31 00:00:00-04:00,149.0285807911714,149.16524992421503,147.6911597437249,148.21832275390625,86453100,0.0,0.0
2021-09-01 00:00:00-04:00,149.1945515081308,151.2934023311897,148.71620204197066,148.8821563720703,80313700,0.0,0.0
2021-09-02 00:00:00-04:00,150.20977826854366,151.03956466217258,148.77474502994417,149.99501037597656,71115500,0.0,0.0
2021-09-03 00:00:00-04:00,150.10241459437898,150.95172951907767,149.44835406806936,150.62957763671875,57808700,0.0,0.0
2021-09-07 00:00:00-04:00,151.28363626481305,153.51915609845358,150.71743128739138,152.9627227783203,82278300,0.0,0.0
2021-09-08 00:00:00-04:00,153.24581573453693,153.3043860941943,150.31717858511598,151.42030334472656,74420200,0.0,0.0
2021-09-09 00:00:00-04:00,151.7912489116524,152.39649574316758,150.2878736971047,150.405029296875,57305700,0.0,0.0
2021-09-10 00:00:00-04:00,151.31292061025323,151.7814983871202,145.1627795675759,145.42636108398438,140893200,0.0,0.0
2021-09-13 00:00:00-04:00,147.04688016056696,147.818081410703,145.21159606216116,145.99256896972656,102404300,0.0,0.0
2021-09-14 00:00:00-04:00,146.77347525304998,147.47634906122445,143.4153037019524,144.5965118408203,109296300,0.0,0.0
2021-09-15 00:00:00-04:00,145.02607290209997,145.8851443505808,142.88816593560387,145.48489379882812,83281300,0.0,0.0
2021-09-16 00:00:00-04:00,144.90896023332135,145.42635157507343,143.71798000246844,145.25062561035156,68034100,0.0,0.0
2021-09-17 00:00:00-04:00,145.27991132028194,145.27991132028194,142.29268938190515,142.58555603027344,129868800,0.0,0.0
2021-09-20 00:00:00-04:00,140.3792920822909,141.3945460334686,137.90947685232237,139.5397491455078,123478900,0.0,0.0
2021-09-21 00:00:00-04:00,140.50621829477157,141.1602935933769,139.38358019514303,140.0181121826172,75834000,0.0,0.0
2021-09-22 00:00:00-04:00,141.01389352952881,142.94679012081193,140.28173414994058,142.38059997558594,76404300,0.0,0.0
2021-09-23 00:00:00-04:00,143.16150856090553,143.58128753921014,142.17553963315416,143.3372344970703,64838200,0.0,0.0
2021-09-24 00:00:00-04:00,142.1950877231893,143.96202960944674,142.09746053449825,143.42510986328125,53477900,0.0,0.0
2021-09-27 00:00:00-04:00,142.00961449990794,142.48796392317834,140.39887004950094,141.9119873046875,74150700,0.0,0.0
2021-09-28 00:00:00-04:00,139.84246897436984,141.30678802122188,138.3195795489755,138.5343475341797,108972300,0.0,0.0
2021-09-29 00:00:00-04:00,139.08096654322168,141.0138627120859,138.6514307510702,139.43240356445312,74602000,0.0,0.0
2021-09-30 00:00:00-04:00,140.2426707272125,140.9455448156453,137.9192805517919,138.13404846191406,89056700,0.0,0.0
2021-10-01 00:00:00-04:00,138.52453927839463,139.52028013802934,135.80091312494108,139.25669860839844,94639600,0.0,0.0
2021-10-04 00:00:00-04:00,138.38782541869764,138.82713279141288,134.980854637217,135.8301544189453,98322000,0.0,0.0
2021-10-05 00:00:00-04:00,136.17191241375247,138.85649729002284,136.04499999839257,137.7533721923828,80861100,0.0,0.0
2021-10-06 00:00:00-04:00,136.15231569207103,138.76855721821823,135.0784763218966,138.62213134765625,83221100,0.0,0.0
2021-10-07 00:00:00-04:00,139.65689934011746,140.7893089405512,139.3249908042086,139.8814239501953,61732700,0.0,0.0
2021-10-08 00:00:00-04:00,140.60385709315267,140.7502829805711,139.16882381318146,139.500732421875,58773200,0.0,0.0
2021-10-11 00:00:00-04:00,138.88575464341304,141.3653278052875,138.43669034540312,139.41290283203125,64452200,0.0,0.0
2021-10-12 00:00:00-04:00,139.82291608395988,139.8424445053315,137.68500826630617,138.14382934570312,73035900,0.0,0.0
2021-10-13 00:00:00-04:00,137.88024208325538,138.03642474342516,135.88876048394778,137.55809020996094,78762700,0.0,0.0
2021-10-14 00:00:00-04:00,138.7295267040612,140.45742659800283,138.14379338196727,140.34027099609375,69907100,0.0,0.0
2021-10-15 00:00:00-04:00,140.35005282323274,141.45316264244676,140.0962280805495,141.39459228515625,67940300,0.0,0.0
2021-10-18 00:00:00-04:00,140.03762503249558,143.3469835092285,139.75453007307178,143.0638885498047,85589200,0.0,0.0
2021-10-19 00:00:00-04:00,143.51294222106137,145.62156403141842,143.0638929755576,145.2213134765625,76378900,0.0,0.0
2021-10-20 00:00:00-04:00,145.16278083703227,146.18780683574556,144.59657585778285,145.70945739746094,58418800,0.0,0.0
2021-10-21 00:00:00-04:00,145.27014914498275,146.0804071368253,144.35250720492448,145.92420959472656,61421000,0.0,0.0
2021-10-22 00:00:00-04:00,146.12927356040422,146.60760822426354,145.10424730155546,145.15306091308594,58883400,0.0,0.0
2021-10-25 00:00:00-04:00,145.14322894722775,145.8168177773373,144.10844635434742,145.10418701171875,50720600,0.0,0.0
2021-10-26 00:00:00-04:00,145.77779264971988,147.2518679421637,145.46539754636262,145.76803588867188,60893400,0.0,0.0
2021-10-27 00:00:00-04:00,145.80709762491546,146.1682914783705,144.95779752805828,145.30923461914062,56094900,0.0,0.0
2021-10-28 00:00:00-04:00,146.25615073002083,149.5264533730465,146.15852353048365,148.94073486328125,100077900,0.0,0.0
2021-10-29 00:00:00-04:00,143.7179583128391,146.3732566337639,142.927228830471,146.23658752441406,124953200,0.0,0.0
2021-11-01 00:00:00-04:00,145.44586537540286,146.13896771640327,144.28417043944881,145.4165802001953,74588300,0.0,0.0
2021-11-02 00:00:00-04:00,145.12372094423125,147.96450225059075,145.11394928812004,146.4513702392578,69122000,0.0,0.0
2021-11-03 00:00:00-04:00,146.81257403590004,148.35499132920407,146.25614074482093,147.88641357421875,54511500,0.0,0.0
2021-11-04 00:00:00-04:00,147.97423478422334,148.8040061478772,147.056593009041,147.36898803710938,60394600,0.0,0.0
2021-11-05 00:00:00-04:00,148.49331669815876,148.7963818494452,146.70423879606528,147.89695739746094,65463900,0.22,0.0
2021-11-08 00:00:00-05:00,148.02406927556885,148.18049482600526,146.8020226332124,147.0757598876953,55020900,0.0,0.0
2021-11-09 00:00:00-05:00,146.84107977637362,148.0435691533501,146.70421118808,147.43743896484375,56787900,0.0,0.0
2021-11-10 00:00:00-05:00,146.66516607718975,146.77270678727066,144.54369472155943,144.61212158203125,65187100,0.0,0.0
2021-11-11 00:00:00-05:00,145.6288070022433,146.0882826457482,144.37741797894228,144.56317138671875,41000000,0.0,0.0
2021-11-12 00:00:00-05:00,145.11066161989166,147.03660782102534,144.18190939663026,146.6357879638672,63804000,0.0,0.0
2021-11-15 00:00:00-05:00,147.00725921767452,148.48350051743287,146.08827812399716,146.64553833007812,59222800,0.0,0.0
2021-11-16 00:00:00-05:00,146.58693684556133,148.1022776202638,146.00034850775356,147.62322998046875,59256200,0.0,0.0
2021-11-17 00:00:00-05:00,147.62321886773208,151.53376771191043,147.61344786594324,150.0575408935547,88807000,0.0,0.0
2021-11-18 00:00:00-05:00,150.27262482103686,155.12169711619316,149.62738067059388,154.33958435058594,137827700,0.0,0.0
2021-11-19 00:00:00-05:00,154.12448394226502,157.41913113659675,153.02953515610952,156.9596405029297,117305600,0.0,0.0
2021-11-22 00:00:00-05:00,158.06437288139423,161.99447854129045,157.3995867561447,157.4191436767578,117467900,0.0,0.0
2021-11-23 00:00:00-05:00,157.51689191338718,158.18169292863084,155.502961782972,157.8004150390625,96041900,0.0,0.0
2021-11-24 00:00:00-05:00,157.15512173863883,158.51403634701725,156.06994425154855,158.31851196289062,69463600,0.0,0.0
2021-11-26 00:00:00-05:00,156.0016184354509,156.86192926613933,152.86339558925852,153.30332946777344,76959800,0.0,0.0
2021-11-29 00:00:00-05:00,155.80603121042097,157.5853380225465,155.23899986098183,156.65658569335938,88748200,0.0,0.0
2021-11-30 00:00:00-05:00,156.41217318635103,161.8185054389282,156.34373142534065,161.60342407226562,174048100,0.0,0.0
2021-12-01 00:00:00-05:00,163.73463874085127,166.49158221025922,160.85061260681175,161.0852508544922,152052500,0.0,0.0
2021-12-02 00:00:00-05:00,155.19011206164845,160.52800204808736,154.27113083970096,160.09783935546875,136739200,0.0,0.0
2021-12-03 00:00:00-05:00,160.3520514474846,161.271032766341,156.14820866843903,158.22079467773438,118023100,0.0,0.0
2021-12-06 00:00:00-05:00,160.61597549233863,164.12570364495514,160.60620449270007,161.62295532226562,107497000,0.0,0.0
2021-12-07 00:00:00-05:00,165.29886939857903,167.74296195252498,164.5754126322905,167.35189819335938,120405400,0.0,0.0
2021-12-08 00:00:00-05:00,168.2806769394803,172.02502878126478,166.88264814477856,171.16470336914062,116998900,0.0,0.0
2021-12-09 00:00:00-05:00,170.9984746601922,172.79732298545696,170.0306087537727,170.6562957763672,108923700,0.0,0.0
2021-12-10 00:00:00-05:00,171.29180928871014,175.61296364291238,170.78343380069845,175.43698120117188,115402700,0.0,0.0
2021-12-13 00:00:00-05:00,177.0696450374433,178.05706815750167,171.6046566651188,171.80996704101562,153237000,0.0,0.0
2021-12-14 00:00:00-05:00,171.33091243496327,173.76523433574428,168.3589020297747,170.43148803710938,139380400,0.0,0.0
2021-12-15 00:00:00-05:00,171.19405708911282,175.48588396086842,168.4566698432585,175.2903594970703,131063300,0.0,0.0
2021-12-16 00:00:00-05:00,175.27079308478832,177.08919884301145,166.9315491019716,168.40777587890625,150185800,0.0,0.0
2021-12-17 00:00:00-05:00,166.1298274724243,169.59067037342322,165.89520416900396,167.31277465820312,195432700,0.0,0.0
2021-12-20 00:00:00-05:00,164.51676029378936,166.76532847471316,163.71510567618958,165.95388793945312,107499100,0.0,0.0
2021-12-21 00:00:00-05:00,167.72344617879446,169.32677069078633,165.3380088741713,169.12147521972656,91185900,0.0,0.0
2021-12-22 00:00:00-05:00,169.1703261593658,171.92727008747283,168.30022969109157,171.71218872070312,92135300,0.0,0.0
2021-12-23 00:00:00-05:00,171.91746810959268,172.89510508509778,171.35043687369296,172.3378448486328,68356600,0.0,0.0
2021-12-27 00:00:00-05:00,173.12976761664484,176.38530127238838,173.11022561335014,176.2973175048828,74919600,0.0,0.0
2021-12-28 00:00:00-05:00,176.1311025117923,177.2749361221624,174.5375492742612,175.28054809570312,79144300,0.0,0.0
2021-12-29 00:00:00-05:00,175.31966069433915,176.59059189162147,174.15627017338588,175.36854553222656,62348900,0.0,0.0
2021-12-30 00:00:00-05:00,175.45653864701075,176.53194546765312,174.10739462067014,174.21493530273438,59773000,0.0,0.0
2021-12-31 00:00:00-05:00,174.10735949284833,175.22186501048878,173.29591904054473,173.5989990234375,64062300,0.0,0.0
2022-01-03 00:00:00-05:00,173.85319685203027,178.79026689432098,173.73588518068755,177.93971252441406,104487900,0.0,0.0
2022-01-04 00:00:00-05:00,178.54586564233023,178.84893075193062,175.1143499260673,175.68138122558594,99310400,0.0,0.0
2022-01-05 00:00:00-05:00,175.59339039534856,176.14086475419518,170.73453308424857,171.00827026367188,94537600,0.0,0.0
2022-01-06 00:00:00-05:00,168.83789205056922,171.37975399378487,167.80159930862231,168.15354919433594,96904000,0.0,0.0
2022-01-07 00:00:00-05:00,169.02367835082143,170.24572473108867,167.2052727402814,168.3197784423828,86709100,0.0,0.0
2022-01-10 00:00:00-05:00,165.2988731483881,168.64239004792708,164.40921985835627,168.33932495117188,106765600,0.0,0.0
2022-01-11 00:00:00-05:00,168.46643037323963,171.26245812752686,166.99997473942338,171.16470336914062,76138300,0.0,0.0
2022-01-12 00:00:00-05:00,172.1814317936139,173.21772467571947,170.91051556767007,171.60462951660156,74805200,0.0,0.0
2022-01-13 00:00:00-05:00,171.8490383580425,172.6702498945838,167.94826118313497,168.33932495117188,84505800,0.0,0.0
2022-01-14 00:00:00-05:00,167.50833831927105,169.89377524696252,167.26392904254132,169.1996612548828,80440800,0.0,0.0
2022-01-18 00:00:00-05:00,167.67452813175186,168.6814931182034,165.6214992398613,166.00277709960938,90956700,0.0,0.0
2022-01-19 00:00:00-05:00,166.19833085017333,167.25418085979933,162.22912604138475,162.51263427734375,94815000,0.0,0.0
2022-01-20 00:00:00-05:00,163.24581922868165,165.8854360990158,160.50843269303434,160.8310546875,91420500,0.0,0.0
2022-01-21 00:00:00-05:00,160.74305996791702,162.61035005803072,158.67047447923693,158.77801513671875,122848900,0.0,0.0
2022-01-24 00:00:00-05:00,156.44152655886694,158.6705384327714,151.2404889080489,158.0057373046875,162294600,0.0,0.0
2022-01-25 00:00:00-05:00,155.42468996639545,159.12015577425998,153.50853024549335,156.20680236816406,115798400,0.0,0.0
2022-01-26 00:00:00-05:00,159.84366081362626,160.7137572085088,154.29068942101793,156.11886596679688,108275300,0.0,0.0
2022-01-27 00:00:00-05:00,158.817126094803,160.17604091465265,154.7403816352541,155.65936279296875,121954600,0.0,0.0
2022-01-28 00:00:00-05:00,162.00425626677838,166.54049197821774,159.15932862262193,166.52093505859375,179935700,0.0,0.0
2022-01-31 00:00:00-05:00,166.3547206203823,171.0864802658057,165.71924760028926,170.87139892578125,115541600,0.0,0.0
2022-02-01 00:00:00-05:00,170.1186576369502,170.93009836904955,168.45667724529795,170.7052459716797,86213900,0.0,0.0
2022-02-02 00:00:00-05:00,170.84207875406224,171.94681342176997,169.45383589849953,171.90769958496094,84914300,0.0,0.0
2022-02-03 00:00:00-05:00,170.57810026310062,172.2987509371964,168.27087633720052,169.03343200683594,89418100,0.0,0.0
2022-02-04 00:00:00-05:00,168.05455952783922,170.42346859121156,167.0756769166009,168.74957275390625,82465400,0.22,0.0
2022-02-07 00:00:00-05:00,169.20967525085985,170.27665387927516,167.3400055860888,168.03501892089844,77251200,0.0,0.0
2022-02-08 00:00:00-05:00,168.1035042386361,171.64706939744136,167.80983647215697,171.13804626464844,74829200,0.0,0.0
2022-02-09 00:00:00-05:00,172.3322647747442,172.91958530484067,171.20654095307694,172.55740356445312,71285000,0.0,0.0
2022-02-10 00:00:00-05:00,170.46259150846328,171.77429042410176,167.92728951408122,168.48524475097656,90865900,0.0,0.0
2022-02-11 00:00:00-05:00,168.690860750742,169.4250227899619,164.4914455219278,165.0787811279297,98670700,0.0,0.0
2022-02-14 00:00:00-05:00,163.83556797241158,165.99890498473425,163.04267549502603,165.31369018554688,86185500,0.0,0.0
2022-02-15 00:00:00-05:00,167.3596000589275,169.29778389652108,166.65480322042677,169.1411590576172,62527400,0.0,0.0
2022-02-16 00:00:00-05:00,168.22097415914394,169.67949961629867,166.4589825612284,168.90618896484375,61177400,0.0,0.0
2022-02-17 00:00:00-05:00,167.41828169802858,168.27970312361404,164.91234475439344,165.31369018554688,69589300,0.0,0.0
2022-02-18 00:00:00-05:00,166.23387859788448,166.93866044821442,162.68052937533312,163.76708984375,82772700,0.0,0.0
2022-02-22 00:00:00-05:00,161.4960113480749,163.16990679491468,158.7257724120898,160.84996032714844,91162800,0.0,0.0
2022-02-23 00:00:00-05:00,162.04423283731927,162.6413518716535,156.37650867254357,156.68975830078125,90009200,0.0,0.0
2022-02-24 00:00:00-05:00,149.35790916683425,159.4110376690062,148.79015546543386,159.30335998535156,141147500,0.0,0.0
2022-02-25 00:00:00-05:00,160.38013909716133,161.6331077669388,157.47285626304333,161.3688201904297,91974200,0.0,0.0
2022-02-28 00:00:00-05:00,159.6166064975814,161.9267702066246,158.99990563300975,161.6331024169922,95056600,0.0,0.0
2022-03-01 00:00:00-05:00,161.22197083806662,163.0818568508139,158.5496253630897,159.75364685058594,83474400,0.0,0.0
2022-03-02 00:00:00-05:00,160.91850544375748,163.82578787806702,159.50891214996344,163.0426788330078,79724800,0.0,0.0
2022-03-03 00:00:00-05:00,164.91236813214016,165.34307890598984,162.0540324670775,162.71966552734375,76678400,0.0,0.0
2022-03-04 00:00:00-05:00,161.01639051416453,162.05400359179123,158.67686189722227,159.72425842285156,83737200,0.0,0.0
2022-03-07 00:00:00-05:00,159.91026569329455,161.53521443024337,155.68148559760553,155.93600463867188,96418800,0.0,0.0
2022-03-08 00:00:00-05:00,155.4661583222758,159.44041971330986,152.50992837199067,154.11529541015625,131148300,0.0,0.0
2022-03-09 00:00:00-05:00,158.06998280822745,159.95923428896205,156.04370327606966,159.50894165039062,91454900,0.0,0.0
2022-03-10 00:00:00-05:00,156.81698565051138,157.00297572975708,152.68609998585092,155.17247009277344,105342000,0.0,0.0
2022-03-11 00:00:00-05:00,155.57379764949783,155.91641251914996,151.23735509056115,151.46249389648438,96970100,0.0,0.0
2022-03-14 00:00:00-04:00,148.25179027503273,150.86540543880508,146.93030751756515,147.43931579589844,108732100,0.0,0.0
2022-03-15 00:00:00-04:00,147.713390079557,152.28478532825997,147.20438184151632,151.81491088867188,92964300,0.0,0.0
2022-03-16 00:00:00-04:00,153.73350876565036,156.62120932527256,151.19820652447248,156.21986389160156,102300200,0.0,0.0
2022-03-17 00:00:00-04:00,155.2605702418383,157.60009906528276,154.30126947324382,157.22811889648438,75615400,0.0,0.0
2022-03-18 00:00:00-04:00,157.1204422875064,161.0066074424884,156.3862803303168,160.5171661376953,123511700,0.0,0.0
2022-03-21 00:00:00-04:00,160.05709828830467,162.83713639325782,159.56765695852218,161.8876190185547,95811400,0.0,0.0
2022-03-22 00:00:00-04:00,162.01484532225444,165.8422796739602,161.42752475473955,165.2549591064453,81532000,0.0,0.0
2022-03-23 00:00:00-04:00,164.4424952526729,168.9942934206818,164.1096638130363,166.61561584472656,98062700,0.0,0.0
2022-03-24 00:00:00-04:00,167.4476727675763,170.46263328488442,166.61563143205333,170.3941192626953,90131400,0.0,0.0
2022-03-25 00:00:00-04:00,170.2080920251791,171.5785215356228,169.10195003253148,171.0303497314453,80546200,0.0,0.0
2022-03-28 00:00:00-04:00,168.53422465828777,172.0190445148475,168.36781639958284,171.8917999267578,90371900,0.0,0.0
2022-03-29 00:00:00-04:00,172.95880948102644,175.22980987775352,172.61619451618012,175.18087768554688,100589400,0.0,0.0
2022-03-30 00:00:00-04:00,174.77948791199498,175.8171010585222,172.96854916161706,174.01596069335938,92633200,0.0,0.0
2022-03-31 00:00:00-04:00,174.0845012718467,174.27049138056105,170.7171422878286,170.92271423339844,103049300,0.0,0.0
2022-04-01 00:00:00-04:00,170.35494237968112,171.18699858724577,168.30908127405286,170.6290283203125,78751300,0.0,0.0
2022-04-04 00:00:00-04:00,170.8835430731966,174.72076108227714,170.75628355518236,174.67181396484375,76468400,0.0,0.0
2022-04-05 00:00:00-04:00,173.7516656886956,174.53477477488693,170.73670541562527,171.36318969726562,73401800,0.0,0.0
2022-04-06 00:00:00-04:00,168.72019203962893,169.96337702443967,166.53728819844997,168.20138549804688,89058800,0.0,0.0
2022-04-07 00:00:00-04:00,167.5455818608837,169.69912101079552,166.2632477962957,168.5048828125,77594700,0.0,0.0
2022-04-08 00:00:00-04:00,168.15246782773184,168.15246782773184,165.62694868711696,166.49815368652344,76575500,0.0,0.0
2022-04-11 00:00:00-04:00,165.14726983208973,165.46050445879015,162.00505049807634,162.24977111816406,72246700,0.0,0.0
2022-04-12 00:00:00-04:00,164.47185939466212,166.28278325109693,163.1209966207163,164.1194610595703,79265200,0.0,0.0
2022-04-13 00:00:00-04:00,163.85517369033073,167.42808955183875,163.24827119923606,166.80160522460938,70618900,0.0,0.0
2022-04-14 00:00:00-04:00,167.01696134936807,167.6532440657547,161.55479409572018,161.7995147705078,75329400,0.0,0.0
2022-04-18 00:00:00-04:00,160.45842830966066,163.0818413516457,160.11582837374732,161.5841522216797,69023900,0.0,0.0
2022-04-19 00:00:00-04:00,161.5352440651779,164.27611889634176,160.44868355818875,163.86497497558594,67723800,0.0,0.0
2022-04-20 00:00:00-04:00,165.1962520760154,165.3137281661249,162.59243524088046,163.6985626220703,67929800,0.0,0.0
2022-04-21 00:00:00-04:00,165.3430936610523,167.90776176039836,162.40644532626558,162.90567016601562,87227800,0.0,0.0
2022-04-22 00:00:00-04:00,162.94483948037262,164.32505289369502,158.08957416008516,158.37344360351562,84882400,0.0,0.0
2022-04-25 00:00:00-04:00,157.71754117840766,159.72425325965065,155.11372512050855,159.4403839111328,96046400,0.0,0.0
2022-04-26 00:00:00-04:00,158.82370741856425,158.91180327087787,153.41048764569481,153.48880004882812,95623200,0.0,0.0
2022-04-27 00:00:00-04:00,152.61759051221244,156.41564486229873,152.0987839265491,153.26365661621094,88063200,0.0,0.0
2022-04-28 00:00:00-04:00,155.88709214046477,161.04580888521681,155.57384246237302,160.18438720703125,130216800,0.0,0.0
2022-04-29 00:00:00-04:00,158.42235165998022,162.69028026576657,153.9292842451666,154.32083129882812,131747600,0.0,0.0
2022-05-02 00:00:00-04:00,153.40067973909794,154.88857035171824,150.0333216240582,154.62428283691406,123055300,0.0,0.0
2022-05-03 00:00:00-04:00,154.8102670522691,157.31621889046943,153.01892515604405,156.1121826171875,88966500,0.0,0.0
2022-05-04 00:00:00-04:00,156.29817374379095,162.9643614673084,155.89682831665468,162.5140838623047,108256500,0.0,0.0
2022-05-05 00:00:00-04:00,160.38991736716943,160.61505617925764,151.6778534074066,153.4594268798828,130525300,0.0,0.0
2022-05-06 00:00:00-04:00,152.93986371222095,156.3023722983105,151.14587460582203,154.18487548828125,116124600,0.23,0.0
2022-05-09 00:00:00-04:00,151.88108159062776,152.763379211531,148.50879088738637,149.06756591796875,131577900,0.0,0.0
2022-05-10 00:00:00-04:00,152.45952464307157,153.6555174482576,149.92048190900607,151.46939086914062,115366700,0.0,0.0
2022-05-11 00:00:00-04:00,150.47928231405317,152.39090538432077,142.94061098912724,143.61703491210938,142689800,0.0,0.0
2022-05-12 00:00:00-04:00,139.96043637411066,143.32293029647687,136.0685607235715,139.7545623779297,182602000,0.0,0.0
2022-05-13 00:00:00-04:00,141.74459868206603,145.18553469561974,140.2937279042498,144.2150115966797,113990900,0.0,0.0
2022-05-16 00:00:00-04:00,142.68570084334092,144.61693408926746,141.34265112461745,142.67588806152344,86643800,0.0,0.0
2022-05-17 00:00:00-04:00,145.9305890667493,146.82268479374127,143.79348144376362,146.30311584472656,78336300,0.0,0.0
2022-05-18 00:00:00-04:00,143.960147405131,144.46010573899827,137.1469043666091,138.04881286621094,109742900,0.0,0.0
2022-05-19 00:00:00-04:00,137.127274568989,138.87224434894858,133.91182362893935,134.64706420898438,136095600,0.0,0.0
2022-05-20 00:00:00-04:00,136.3527898729997,137.93110665133486,130.00031651705376,134.88230895996094,137426100,0.0,0.0
2022-05-23 00:00:00-04:00,135.07840236616943,140.4407585737006,134.941158046499,140.29371643066406,117726300,0.0,0.0
2022-05-24 00:00:00-04:00,138.03898075989613,139.17615657107172,134.62746828487894,137.59783935546875,104132700,0.0,0.0
2022-05-25 00:00:00-04:00,135.70580258630076,138.99968110716551,135.61757730341805,137.7546844482422,92482700,0.0,0.0
2022-05-26 00:00:00-04:00,134.68628135538745,141.49950829001511,134.44120114221013,140.95053100585938,90601500,0.0,0.0
2022-05-27 00:00:00-04:00,142.52887188890233,146.7344424649416,142.40142537012454,146.6952362060547,90978500,0.0,0.0
2022-05-31 00:00:00-04:00,146.13641898717157,147.69512536408004,143.95029298038025,145.9109344482422,103718400,0.0,0.0
2022-06-01 00:00:00-04:00,146.95007745203338,148.753879037452,144.77376414576858,145.78350830078125,74286600,0.0,0.0
2022-06-02 00:00:00-04:00,144.9208398093746,148.2931460840145,143.96992734384497,148.2343292236328,72348100,0.0,0.0
2022-06-03 00:00:00-04:00,144.00911981753086,145.05807025566116,141.61714962601158,142.51904296875,88570300,0.0,0.0
2022-06-06 00:00:00-04:00,144.13655344098794,145.64625571792195,142.04846553260185,143.26406860351562,71598400,0.0,0.0
2022-06-07 00:00:00-04:00,141.5093091448792,146.06779474236185,141.26422895235845,145.78350830078125,67808200,0.0,0.0
2022-06-08 00:00:00-04:00,145.65604230031803,146.9206493425614,144.55808797164124,145.04824829101562,53950200,0.0,0.0
2022-06-09 00:00:00-04:00,144.18562036487367,145.0384948829892,139.72515664096548,139.83299255371094,69473000,0.0,0.0
2022-06-10 00:00:00-04:00,137.51944785790386,137.9899978151303,134.3628126010876,134.4314422607422,91437900,0.0,0.0
2022-06-13 00:00:00-04:00,130.25523715092532,132.53938671229503,128.85338540144875,129.28472900390625,122207100,0.0,0.0
2022-06-14 00:00:00-04:00,130.5101288143863,131.25516732822615,128.89259032192393,130.14739990234375,84784300,0.0,0.0
2022-06-15 00:00:00-04:00,131.64726649009233,134.63724775917188,129.5591934714462,132.76483154296875,91533000,0.0,0.0
2022-06-16 00:00:00-04:00,129.48077871917013,129.78467578709342,126.50059498012912,127.50052642822266,108123900,0.0,0.0
2022-06-17 00:00:00-04:00,127.51033981148552,130.4611001773296,127.25544681769559,128.97100830078125,134520300,0.0,0.0
2022-06-21 00:00:00-04:00,130.7943992837295,134.36276639582726,130.6963761788774,133.19618225097656,81000500,0.0,0.0
2022-06-22 00:00:00-04:00,132.1374244527046,135.04897821391006,131.2747523831488,132.68641662597656,73409200,0.0,0.0
2022-06-23 00:00:00-04:00,134.1275334387869,135.86269092971577,132.96094899420544,135.5489959716797,72433800,0.0,0.0
2022-06-24 00:00:00-04:00,137.1468791706762,139.117333627322,137.01944763359853,138.87225341796875,89116800,0.0,0.0
2022-06-27 00:00:00-04:00,139.89178050713437,140.66624234545563,138.19582964679236,138.87225341796875,70207900,0.0,0.0
2022-06-28 00:00:00-04:00,139.33299738336785,140.59760460905184,134.61765682035212,134.73529052734375,67083400,0.0,0.0
2022-06-29 00:00:00-04:00,134.7548943447595,137.90171551636791,133.98043259004706,136.49005126953125,66242400,0.0,0.0
2022-06-30 00:00:00-04:00,134.54907951735262,135.64703443233628,131.1375660611435,134.02951049804688,98964500,0.0,0.0
2022-07-01 00:00:00-04:00,133.36282702594735,136.3037892489926,132.99031531614665,136.19595336914062,71051600,0.0,0.0
2022-07-05 00:00:00-04:00,135.05879144662464,138.82321946775843,134.23531066321448,138.77420043945312,73353800,0.0,0.0
2022-07-06 00:00:00-04:00,138.56834136394644,141.28381901974345,138.30365057809186,140.10743713378906,74064300,0.0,0.0
2022-07-07 00:00:00-04:00,140.470146283479,143.66600133351363,140.46034846155806,143.46994018554688,66253700,0.0,0.0
2022-07-08 00:00:00-04:00,142.40140757015126,144.64635079248632,142.1465295229667,144.14637756347656,64547800,0.0,0.0
2022-07-11 00:00:00-04:00,142.80336382609462,143.75427642973983,140.95055766241197,142.01910400390625,63141600,0.0,0.0
2022-07-12 00:00:00-04:00,142.89155544175705,145.5286208059207,142.19553604555907,142.98959350585938,77588800,0.0,0.0
2022-07-13 00:00:00-04:00,140.17605986446435,143.56796105129766,139.32317069836506,142.62686157226562,71185600,0.0,0.0
2022-07-14 00:00:00-04:00,141.244640047542,146.01879814456234,140.4309718883509,145.54824829101562,78140700,0.0,0.0
2022-07-15 00:00:00-04:00,146.83244295612025,147.89119117713278,145.28353435270415,147.2147674560547,76259900,0.0,0.0
2022-07-18 00:00:00-04:00,147.7735410020435,148.58720894116726,143.81303717687484,144.17576599121094,81420900,0.0,0.0
2022-07-19 00:00:00-04:00,145.0090823866063,148.25394254490203,144.01896354895925,148.02847290039062,82982400,0.0,0.0
2022-07-20 00:00:00-04:00,148.14609070693865,150.6949310490213,147.41085002655058,150.02830505371094,64823400,0.0,0.0
2022-07-21 00:00:00-04:00,151.4595528168205,152.50850317822432,148.9499341408544,152.29283142089844,65086600,0.0,0.0
2022-07-22 00:00:00-04:00,152.33208328648058,153.2045683993023,150.39105184778396,151.0576629638672,66675400,0.0,0.0
2022-07-25 00:00:00-04:00,150.97920113195147,151.9889303599999,149.28325033510924,149.9400634765625,53623900,0.0,0.0
2022-07-26 00:00:00-04:00,149.26366918886245,150.07733740905365,147.8324089141252,148.61666870117188,55138700,0.0,0.0
2022-07-27 00:00:00-04:00,149.57738561961435,154.23391054533735,149.16565257909815,153.70452880859375,78620700,0.0,0.0
2022-07-28 00:00:00-04:00,153.89078059336344,154.53779601902812,151.37136349671525,154.25350952148438,81378700,0.0,0.0
2022-07-29 00:00:00-04:00,158.0669387195233,160.409904944982,156.36117506106663,159.3119354248047,101786900,0.0,0.0
2022-08-01 00:00:00-04:00,157.84147403635484,160.37070393464464,157.72384030664722,158.33163452148438,67829400,0.0,0.0
2022-08-02 00:00:00-04:00,156.94935473605096,159.21389322725332,156.4886027966237,156.86111450195312,59907000,0.0,0.0
2022-08-03 00:00:00-04:00,157.67481177613547,163.311657015849,157.58658648416494,162.8607177734375,82507500,0.0,0.0
2022-08-04 00:00:00-04:00,162.7430429706028,163.8998292386339,161.19413438441296,162.54698181152344,55474100,0.0,0.0
2022-08-05 00:00:00-04:00,160.22044287042655,162.81208464474912,160.0142829089203,162.3212432861328,56697000,0.23,0.0
2022-08-08 00:00:00-04:00,163.32254540690658,164.7361708864107,161.19229575323052,161.8500213623047,60276900,0.0,0.0
2022-08-09 00:00:00-04:00,161.0155852740051,162.78261696114208,160.25968547297944,161.8990936279297,63135500,0.0,0.0
2022-08-10 00:00:00-04:00,164.60853143111325,166.23812814464867,163.8428202002786,166.1399688720703,70170500,0.0,0.0
2022-08-11 00:00:00-04:00,166.94496643142614,167.8579391801427,165.10922447830612,165.4037322998047,57149200,0.0,0.0
2022-08-12 00:00:00-04:00,166.70935086886797,169.01629605421468,166.29703098384923,168.9475860595703,68039400,0.0,0.0
2022-08-15 00:00:00-04:00,168.37818541775778,170.21392688656005,168.21130119143814,170.01759338378906,54091700,0.0,0.0
2022-08-16 00:00:00-04:00,169.61511402434292,170.52808660786044,168.51563433427114,169.86053466796875,56377100,0.0,0.0
2022-08-17 00:00:00-04:00,169.60526770793106,172.9233439413985,169.40893422926834,171.3526611328125,79542000,0.0,0.0
2022-08-18 00:00:00-04:00,170.56735491708034,171.6962839363271,169.94889007422466,170.96002197265625,62290100,0.0,0.0
2022-08-19 00:00:00-04:00,169.86055507755876,170.55755638009072,168.17205964818893,168.3782196044922,70346300,0.0,0.0
2022-08-22 00:00:00-04:00,166.58172694573366,166.74861119438174,164.07843325743647,164.5005645751953,69026800,0.0,0.0
2022-08-23 00:00:00-04:00,164.01951691966545,165.61966421752064,163.59738564765863,164.16676330566406,54147100,0.0,0.0
2022-08-24 00:00:00-04:00,164.25514348994625,165.03066617037743,163.2047358944321,164.46128845214844,53841500,0.0,0.0
2022-08-25 00:00:00-04:00,165.688378388784,167.02346724627097,165.2662620854037,166.9154815673828,51218200,0.0,0.0
2022-08-26 00:00:00-04:00,167.44561591056575,167.91681938586046,160.56401098389765,160.62290954589844,78961000,0.0,0.0
2022-08-29 00:00:00-04:00,158.19815240165843,159.91609703205498,156.89252766433086,158.4239501953125,73314000,0.0,0.0
2022-08-30 00:00:00-04:00,159.1601794345339,159.58229569538483,154.83095626158936,155.99916076660156,77906200,0.0,0.0
2022-08-31 00:00:00-04:00,157.3735291899389,157.63858767600124,154.2615972644816,154.3401336669922,87991100,0.0,0.0
2022-09-01 00:00:00-04:00,153.77076113952282,155.5181549609377,151.83684522830168,155.06658935546875,74229900,0.0,0.0
2022-09-02 00:00:00-04:00,156.82381061062185,157.4226376540656,152.13136852434044,152.9559783935547,76957800,0.0,0.0
2022-09-06 00:00:00-04:00,153.60388383195894,154.21252227519972,150.87480729194033,151.6994171142578,73714800,0.0,0.0
2022-09-07 00:00:00-04:00,151.9841232844313,153.80022729759784,150.79628062278962,153.10324096679688,87449600,0.0,0.0
2022-09-08 00:00:00-04:00,151.80738719524012,153.49588236025656,149.88328282837716,151.6306915283203,84923800,0.0,0.0
2022-09-09 00:00:00-04:00,152.62219009337275,154.92915012061422,151.91537744584716,154.4873809814453,68028800,0.0,0.0
2022-09-12 00:00:00-04:00,156.66674327917337,161.25119983056848,156.38206187837264,160.4364013671875,104956000,0.0,0.0
2022-09-13 00:00:00-04:00,156.97101144341687,157.5992875869502,150.5606265013506,151.0220184326172,122656600,0.0,0.0
2022-09-14 00:00:00-04:00,151.9546696901294,154.2223694761001,150.79629120920487,152.46514892578125,87965400,0.0,0.0
2022-09-15 00:00:00-04:00,151.81719923234522,152.39640331677907,148.6071081028978,149.57896423339844,90481100,0.0,0.0
2022-09-16 00:00:00-04:00,148.44022763272653,148.57766259301448,145.65223775657734,147.93955993652344,162278800,0.0,0.0
2022-09-19 00:00:00-04:00,146.57501740526791,151.7288507316376,146.36887246061372,151.6503143310547,81474200,0.0,0.0
2022-09-20 00:00:00-04:00,150.59012663818945,155.18440966019696,150.27599594996536,154.02601623535156,107689800,0.0,0.0
2022-09-21 00:00:00-04:00,154.45792171393398,155.83228620825895,150.78643873263653,150.90423583984375,101696800,0.0,0.0
2022-09-22 00:00:00-04:00,149.58879338602387,151.6405063427645,148.14571882351763,149.94219970703125,86652500,0.0,0.0
2022-09-23 00:00:00-04:00,148.42058784002563,148.6954577569954,145.83875792782328,147.67449951171875,96029900,0.0,0.0
2022-09-26 00:00:00-04:00,146.91860212230296,150.95331767501642,146.898964278694,148.00827026367188,93339400,0.0,0.0
2022-09-27 00:00:00-04:00,149.94222342090066,151.88595100420483,147.20332025510484,148.98016357421875,84442700,0.0,0.0
2022-09-28 00:00:00-04:00,144.93560783080054,147.8806554147203,142.18689375661808,147.09530639648438,146691400,0.0,0.0
2022-09-29 00:00:00-04:00,143.42383363893248,144.03247205665744,138.1031007730531,139.87013244628906,128138200,0.0,0.0
2022-09-30 00:00:00-04:00,138.69211755301987,140.4787870882612,135.47219979960417,135.6685333251953,124925300,0.0,0.0
2022-10-03 00:00:00-04:00,135.67835835777296,140.44933637961338,135.1678792129988,139.84068298339844,114311700,0.0,0.0
2022-10-04 00:00:00-04:00,142.37345088895668,143.54165578156733,141.61755096209856,143.42385864257812,87830100,0.0,0.0
2022-10-05 00:00:00-04:00,141.43101553965928,144.6803824609242,140.39041942925496,143.71832275390625,79471000,0.0,0.0
2022-10-06 00:00:00-04:00,143.13912691743977,144.8374334955695,142.5599378213271,142.76608276367188,68402200,0.0,0.0
2022-10-07 00:00:00-04:00,139.9289988222873,140.47875353363153,136.89560388548796,137.5238800048828,85925600,0.0,0.0
2022-10-10 00:00:00-04:00,137.8478546142578,139.2909290851068,136.0317509799681,137.8478546142578,74899000,0.0,0.0
2022-10-11 00:00:00-04:00,137.33738075448184,138.76083241469453,135.68816128454225,136.43423461914062,77033700,0.0,0.0
2022-10-12 00:00:00-04:00,136.58152223774053,137.78898779453903,135.62928879673916,135.8059844970703,70433700,0.0,0.0
2022-10-13 00:00:00-04:00,132.5173428390662,140.9598044199806,131.90868942611982,140.3708038330078,113224000,0.0,0.0
2022-10-14 00:00:00-04:00,141.66660017858484,141.87276009592642,135.65870802953629,135.84523010253906,88598000,0.0,0.0
2022-10-17 00:00:00-04:00,138.48597103526853,140.282437004532,137.7006219624551,139.80142211914062,85250900,0.0,0.0
2022-10-18 00:00:00-04:00,142.8249846575733,144.01281203046764,138.03436952113134,141.11685180664062,99136600,0.0,0.0
2022-10-19 00:00:00-04:00,139.09460416043055,142.2948839097448,138.9080820775627,141.224853515625,61758300,0.0,0.0
2022-10-20 00:00:00-04:00,140.40025572638473,143.21768011702426,140.0370229627389,140.7634735107422,64522000,0.0,0.0
2022-10-21 00:00:00-04:00,140.25299045906925,145.1417806685085,140.03701908535325,144.57240295410156,86548600,0.0,0.0
2022-10-24 00:00:00-04:00,144.49386606815804,147.47817461798252,143.3256613631015,146.71246337890625,75981900,0.0,0.0
2022-10-25 00:00:00-04:00,147.34074408565283,149.69679141311283,146.62411995147127,149.54953002929688,74732300,0.0,0.0
2022-10-26 00:00:00-04:00,148.19481318791426,149.20594507644813,145.32828678897533,146.6143035888672,88194300,0.0,0.0
2022-10-27 00:00:00-04:00,145.35775035197634,146.31979510961392,141.48991849585923,142.14764404296875,109180200,0.0,0.0
2022-10-28 00:00:00-04:00,145.48537216958695,154.6150242142885,145.11234293200243,152.88726806640625,164762400,0.0,0.0
2022-10-31 00:00:00-04:00,150.35449330723716,151.4147121907347,149.1372016307876,150.53118896484375,97943200,0.0,0.0
2022-11-01 00:00:00-04:00,152.2393339638939,152.60255171953904,146.3983256985316,147.89047241210938,80379300,0.0,0.0
2022-11-02 00:00:00-04:00,146.22162239502856,149.3826416112209,142.34397906464244,142.37342834472656,93604600,0.0,0.0
2022-11-03 00:00:00-04:00,139.45783369878677,140.1842842462697,136.2084665510831,136.33609008789062,97918500,0.0,0.0
2022-11-04 00:00:00-04:00,139.71864706361086,140.28896920604143,132.1373281619349,136.07057189941406,140814800,0.23,0.0
2022-11-07 00:00:00-05:00,134.82178704829124,136.8277351131925,133.40581664759068,136.60157775878906,83374600,0.0,0.0
2022-11-08 00:00:00-05:00,138.06673762400212,139.0697043062685,135.19547054516553,137.1719207763672,89908500,0.0,0.0
2022-11-09 00:00:00-05:00,136.18859544917657,136.23776400792798,132.34384521853534,132.61917114257812,74917800,0.0,0.0
2022-11-10 00:00:00-05:00,138.88286812786214,144.4188995361328,137.171901375878,144.4188995361328,118854000,0.0,0.0
2022-11-11 00:00:00-05:00,143.38642351170455,147.50648417895965,141.96061049585242,147.20166015625,93979700,0.0,0.0
2022-11-14 00:00:00-05:00,146.48386123047396,147.77199641885335,144.96955367768106,145.8053741455078,73374100,0.0,0.0
2022-11-15 00:00:00-05:00,149.67962155098414,151.02675299903876,146.0806992107757,147.53599548339844,89868300,0.0,0.0
2022-11-16 00:00:00-05:00,146.6411761367448,147.36881668355312,144.83187247009243,146.3068389892578,64218300,0.0,0.0
2022-11-17 00:00:00-05:00,143.98623783804743,148.95196191687904,143.71091192910288,148.20465087890625,80389400,0.0,0.0
2022-11-18 00:00:00-05:00,149.76811828911318,150.15160903599656,147.46717380781297,148.76513671875,74829600,0.0,0.0
2022-11-21 00:00:00-05:00,147.6540145740021,147.8605015253363,145.25473282614936,145.53988647460938,58724100,0.0,0.0
2022-11-22 00:00:00-05:00,145.65788443814483,147.909660354169,144.47789906303868,147.6736602783203,51804100,0.0,0.0
2022-11-23 00:00:00-05:00,146.95585380028717,149.29613922514196,146.84768896962234,148.548828125,58301400,0.0,0.0
2022-11-25 00:00:00-05:00,145.83487333926465,146.3953678932279,144.66473067745702,145.63821411132812,35195900,0.0,0.0
2022-11-28 00:00:00-05:00,142.7177546502144,144.19272111621666,140.9871327315936,141.8131103515625,69246000,0.0,0.0
2022-11-29 00:00:00-05:00,141.8819361067611,142.39326202258005,138.00770341068628,138.8140106201172,83763800,0.0,0.0
2022-11-30 00:00:00-05:00,139.04019702693043,146.23804217919428,138.20439151332914,145.55955505371094,111380900,0.0,0.0
2022-12-01 00:00:00-05:00,145.73651677852905,146.6411610165093,144.16321331865586,145.8348388671875,71250400,0.0,0.0
2022-12-02 00:00:00-05:00,143.52408428382984,145.53003217962117,143.21924526160134,145.34320068359375,65447400,0.0,0.0
2022-12-05 00:00:00-05:00,145.30389650239576,148.40132070138284,143.33727415278167,144.18292236328125,68826400,0.0,0.0
2022-12-06 00:00:00-05:00,144.61557170242608,144.8417290558683,139.55151049910586,140.52499389648438,64727200,0.0,0.0
2022-12-07 00:00:00-05:00,139.817029693259,140.97732977170875,137.663575645007,138.587890625,69721100,0.0,0.0
2022-12-08 00:00:00-05:00,139.9841640195035,141.12480845757423,138.7451974772698,140.26931762695312,62128300,0.0,0.0
2022-12-09 00:00:00-05:00,139.96447961702353,143.14058484738695,138.5485094221092,139.78749084472656,76097000,0.0,0.0
2022-12-12 00:00:00-05:00,140.31849324023466,142.08845624970894,138.70586361029962,142.07862854003906,70462700,0.0,0.0
2022-12-13 00:00:00-05:00,147.00500937638787,147.4671667934874,141.83279839446703,143.04226684570312,93886200,0.0,0.0
2022-12-14 00:00:00-05:00,142.9242927483946,144.2124280542218,138.80421630941913,140.82000732421875,82291200,0.0,0.0
2022-12-15 00:00:00-05:00,138.7550029778536,139.43348990576752,133.7597817593244,134.22193908691406,98931900,0.0,0.0
2022-12-16 00:00:00-05:00,134.4087776749108,135.35274779526193,131.49817062820333,132.26515197753906,160156900,0.0,0.0
2022-12-19 00:00:00-05:00,132.8551821275431,132.94367653807714,129.12843913282236,130.16090393066406,79592600,0.0,0.0
2022-12-20 00:00:00-05:00,129.19725476241064,131.02621414919912,127.72228799900502,130.09207153320312,77432800,0.0,0.0
2022-12-21 00:00:00-05:00,130.7607190395491,134.52680273214906,130.53456166494178,133.1894989013672,85928000,0.0,0.0
2022-12-22 00:00:00-05:00,132.10786913644063,132.31435609146064,128.12545567267372,130.0232391357422,77852100,0.0,0.0
2022-12-23 00:00:00-05:00,128.7350936895975,130.21006041152802,127.47645662054781,129.65940856933594,63814900,0.0,0.0
2022-12-27 00:00:00-05:00,129.18743096288975,129.2169290987198,126.57181955561124,127.85995483398438,69007800,0.0,0.0
2022-12-28 00:00:00-05:00,127.50593193563417,128.84323545768694,123.76935474336571,123.93651580810547,85438400,0.0,0.0
2022-12-29 00:00:00-05:00,125.8539710621533,128.30241331797103,125.59831560715067,127.44693756103516,75703700,0.0,0.0
2022-12-30 00:00:00-05:00,126.26697469654857,127.78126710171549,125.30332657301084,127.7615966796875,77034200,0.0,0.0
2023-01-03 00:00:00-05:00,128.10576937065363,128.7154174535332,122.09773792777466,122.98271942138672,112117500,0.0,0.0
2023-01-04 00:00:00-05:00,124.77235152537197,126.51281646624362,122.99256074022561,124.2511978149414,89113600,0.0,0.0
2023-01-05 00:00:00-05:00,125.0083349534918,125.63765344479737,122.67789249421179,122.93354797363281,80962700,0.0,0.0
2023-01-06 00:00:00-05:00,123.90704074173942,128.11560378272642,122.80572954739813,127.456787109375,87754700,0.0,0.0
2023-01-09 00:00:00-05:00,128.29258725392592,131.18352399196448,127.72226507394718,127.97792053222656,70790800,0.0,0.0
2023-01-10 00:00:00-05:00,128.08610610497774,129.06941726347972,125.98182082594903,128.5482635498047,63896200,0.0,0.0
2023-01-11 00:00:00-05:00,129.05959971999454,131.2818777117784,128.2827904454057,131.26222229003906,69458900,0.0,0.0
2023-01-12 00:00:00-05:00,131.64567480294028,132.0193227611732,129.24639368399414,131.1835174560547,71379600,0.0,0.0
2023-01-13 00:00:00-05:00,129.82655147153693,132.6683196907436,129.46273119909978,132.510986328125,57809700,0.0,0.0
2023-01-17 00:00:00-05:00,132.5798345273993,134.99877137842552,131.89151977321038,133.6713104248047,63646600,0.0,0.0
2023-01-18 00:00:00-05:00,134.53662257229425,136.29674271738915,132.7764874230637,132.9534912109375,69672800,0.0,0.0
2023-01-19 00:00:00-05:00,131.8423392118264,133.97612225756075,131.53751520588366,133.01248168945312,58280400,0.0,0.0
2023-01-20 00:00:00-05:00,133.02233471040634,135.71661273457056,131.98002726434026,135.56910705566406,80223600,0.0,0.0
2023-01-23 00:00:00-05:00,135.81495956473674,140.928190614556,135.59862986628406,138.75506591796875,81760300,0.0,0.0
2023-01-24 00:00:00-05:00,137.9683697007518,140.77081216801105,137.95854199183503,140.1513214111328,66435100,0.0,0.0
2023-01-25 00:00:00-05:00,138.53871015801215,140.05300275817604,136.49342112366645,139.49252319335938,65799300,0.0,0.0
2023-01-26 00:00:00-05:00,140.78064047196506,141.8426182007582,139.53183124401355,141.55746459960938,54105100,0.0,0.0
2023-01-27 00:00:00-05:00,140.7708371263728,144.77290596887224,140.69217042868402,143.49459838867188,70555800,0.0,0.0
2023-01-30 00:00:00-05:00,142.54079133466578,143.12094131391822,140.46600420175812,140.61349487304688,64015300,0.0,0.0
2023-01-31 00:00:00-05:00,140.31849689379183,141.93112656571586,139.90550801485074,141.8819580078125,65874500,0.0,0.0
2023-02-01 00:00:00-05:00,141.56730384751015,144.16324461699494,138.961535368266,143.0029296875,77663600,0.0,0.0
2023-02-02 00:00:00-05:00,146.41502317640206,148.65697138188685,145.6972102432423,148.30299377441406,118339000,0.0,0.0
2023-02-03 00:00:00-05:00,145.5595309829737,154.75349514117664,145.36287177724367,151.9215545654297,154357300,0.0,0.0
2023-02-06 00:00:00-05:00,150.02377712562708,150.54493079230497,148.26364190831887,149.19778442382812,69858300,0.0,0.0
2023-02-07 00:00:00-05:00,148.12598902287087,152.63938353904294,148.12598902287087,152.06906127929688,83322600,0.0,0.0
2023-02-08 00:00:00-05:00,151.31194020980092,152.00025508514892,148.6471601159277,149.3846435546875,64120100,0.0,0.0
2023-02-09 00:00:00-05:00,151.21356571138807,151.75438976697808,147.9096401221254,148.3521270751953,56007100,0.0,0.0
2023-02-10 00:00:00-05:00,147.19009004770194,149.04152741969745,146.95372962642622,148.71653747558594,57450700,0.23,0.0
2023-02-13 00:00:00-05:00,148.65744714640496,151.91717418893083,148.62790397291747,151.51341247558594,62199000,0.0,0.0
2023-02-14 00:00:00-05:00,149.80967642706798,151.4346261088162,148.568818055862,150.87327575683594,61707600,0.0,0.0
2023-02-15 00:00:00-05:00,150.7846469892343,153.13834833360136,150.55814431502776,152.97093200683594,65573800,0.0,0.0
2023-02-16 00:00:00-05:00,151.17855953849067,153.95573796607766,151.02100096105386,151.3755340576172,68167900,0.0,0.0
2023-02-17 00:00:00-05:00,150.03619479649413,150.6763169294936,148.55897600306773,150.233154296875,59144100,0.0,0.0
2023-02-21 00:00:00-05:00,147.91882364629484,149.00212332766463,146.15601601247863,146.22494506835938,58867200,0.0,0.0
2023-02-22 00:00:00-05:00,146.60900607426132,147.67260518894304,144.92498541296462,146.64840698242188,51011300,0.0,0.0
2023-02-23 00:00:00-05:00,147.81048914517564,148.05669224456878,145.00378282832062,147.13096618652344,48394200,0.0,0.0
2023-02-24 00:00:00-05:00,144.87577631301392,144.9545631210652,143.5068874555982,144.4818572998047,55469600,0.0,0.0
2023-02-27 00:00:00-05:00,145.46667494315656,146.90449291595675,145.2106140512802,145.67347717285156,44998500,0.0,0.0
2023-02-28 00:00:00-05:00,144.81668575965537,146.81585399639758,144.60002580056587,145.1712188720703,50547000,0.0,0.0
2023-03-01 00:00:00-05:00,144.59999202590106,144.99391093566584,142.80762642427203,143.1030731201172,55479000,0.0,0.0
2023-03-02 00:00:00-05:00,142.18725337015044,144.48186861811354,141.71453248481114,143.6940155029297,52238100,0.0,0.0
2023-03-03 00:00:00-05:00,145.79162671403117,148.81500811176437,145.09241829817535,148.73622131347656,70732300,0.0,0.0
2023-03-06 00:00:00-05:00,151.4542819528968,153.9261705239575,151.12930710707832,151.49368286132812,87558000,0.0,0.0
2023-03-07 00:00:00-05:00,151.36567408118486,151.69066400049135,148.83471383986452,149.29757690429688,56182000,0.0,0.0
2023-03-08 00:00:00-05:00,150.48916195859897,151.13914166926784,149.52405013269365,150.54824829101562,47204800,0.0,0.0
2023-03-09 00:00:00-05:00,151.22781194000862,152.19292402611515,147.94838436334126,148.30291748046875,53833600,0.0,0.0
2023-03-10 00:00:00-05:00,147.92871088177273,148.64761988981078,145.36819204822754,146.2446746826172,68572400,0.0,0.0
2023-03-13 00:00:00-04:00,145.56508833410462,150.81413914374863,145.45675839142748,148.1846923828125,84457100,0.0,0.0
2023-03-14 00:00:00-04:00,148.98242012042218,151.07021762009597,147.82034869008896,150.27252197265625,73695900,0.0,0.0
2023-03-15 00:00:00-04:00,148.89380784086057,150.92251923505987,147.64309172837056,150.66647338867188,77167900,0.0,0.0
2023-03-16 00:00:00-04:00,149.84904194741503,154.08373780814682,149.33693534803646,153.48300170898438,76161100,0.0,0.0
2023-03-17 00:00:00-04:00,153.70953434482817,154.35951419092353,151.93686886777078,152.64593505859375,98944600,0.0,0.0
2023-03-20 00:00:00-04:00,152.71486085947325,155.4230948668754,151.80882025865256,155.00946044921875,73641400,0.0,0.0
2023-03-21 00:00:00-04:00,154.93072241220443,156.97911935630492,154.16255477435743,156.86094665527344,73938300,0.0,0.0
2023-03-22 00:00:00-04:00,156.88062840402722,159.67749219321786,155.41325242402124,155.43295288085938,75701800,0.0,0.0
2023-03-23 00:00:00-04:00,156.41776312286146,159.0964541870748,155.28521978995877,156.5162353515625,67622100,0.0,0.0
2023-03-24 00:00:00-04:00,156.44730394409444,157.90482213956633,155.45264879499626,157.81619262695312,59196500,0.0,0.0
2023-03-27 00:00:00-04:00,157.51092158923748,158.3283178086609,155.4723523985585,155.87612915039062,52390300,0.0,0.0
2023-03-28 00:00:00-04:00,155.57080817581272,156.08291480553032,153.61102618902072,155.2556610107422,45992200,0.0,0.0
2023-03-29 00:00:00-04:00,156.94959185610742,158.60408497102497,156.92990642200107,158.32833862304688,51305700,0.0,0.0
2023-03-30 00:00:00-04:00,159.07675364456477,160.00247975071784,158.82070781762587,159.89414978027344,49501700,0.0,0.0
2023-03-31 00:00:00-04:00,159.97293860815142,162.49405610459849,159.45098920585787,162.39556884765625,68749800,0.0,0.0
2023-04-03 00:00:00-04:00,161.77514833228696,163.76445869825218,161.7259047034759,163.6462860107422,56976200,0.0,0.0
2023-04-04 00:00:00-04:00,164.06975594835677,164.30610131295074,162.60238002597387,163.11448669433594,46278300,0.0,0.0
2023-04-05 00:00:00-04:00,162.2379998945446,162.54328933366952,159.34264903941414,161.2728729248047,51511700,0.0,0.0
2023-04-06 00:00:00-04:00,159.96309788102116,162.45468749786315,159.53963569062748,162.15924072265625,45390100,0.0,0.0
2023-04-10 00:00:00-04:00,158.96840146235982,159.5691375732422,157.6487565719111,159.5691375732422,47716900,0.0,0.0
2023-04-11 00:00:00-04:00,159.88429605818737,159.8941387722609,158.0722298566841,158.3578338623047,47644200,0.0,0.0
2023-04-12 00:00:00-04:00,158.77147274218814,159.59871163720814,157.35334033527027,157.66848754882812,50133100,0.0,0.0
2023-04-13 00:00:00-04:00,159.17525665056672,163.28192316496492,158.9684394039646,163.04556274414062,68445600,0.0,0.0
2023-04-14 00:00:00-04:00,162.09025757823102,163.79399372639534,161.33196290458474,162.7008514404297,49386500,0.0,0.0
2023-04-17 00:00:00-04:00,162.58269264644778,162.87813940299813,161.53879379674336,162.72056579589844,41516200,0.0,0.0
2023-04-18 00:00:00-04:00,163.57733566867122,164.86743742961687,163.13415809407996,163.94171142578125,49923000,0.0,0.0
2023-04-19 00:00:00-04:00,163.2819130529251,165.60607111909823,163.02585218946155,165.08412170410156,47720200,0.0,0.0
2023-04-20 00:00:00-04:00,163.56748026442403,165.3204450523275,163.04553091898333,164.1189727783203,52456400,0.0,0.0
2023-04-21 00:00:00-04:00,162.5432913390932,163.9220227028112,161.991798793606,162.5137481689453,58337300,0.0,0.0
2023-04-24 00:00:00-04:00,162.49404087672,163.08493430890758,161.40089854610392,162.81903076171875,41949600,0.0,0.0
2023-04-25 00:00:00-04:00,162.68119268208375,163.78417796430023,161.2433597017252,161.2827606201172,48714100,0.0,0.0
2023-04-26 00:00:00-04:00,160.58350725145092,162.76979197769046,160.32746143764658,161.2728729248047,45498800,0.0,0.0
2023-04-27 00:00:00-04:00,162.6811671878293,165.9999802574992,162.6811671878293,165.85226440429688,64902300,0.0,0.0
2023-04-28 00:00:00-04:00,165.93105213681218,167.27039764589344,165.33031595199535,167.10296630859375,55275900,0.0,0.0
2023-05-01 00:00:00-04:00,166.70905380019818,167.86128258741087,166.07877442017465,167.01434326171875,52472900,0.0,0.0
2023-05-02 00:00:00-04:00,167.50673256610264,167.76279339985444,164.99545801480568,165.9802703857422,48425700,0.0,0.0
2023-05-03 00:00:00-04:00,166.9256982160475,168.32412999077732,164.62124085601573,164.90682983398438,65136000,0.0,0.0
2023-05-04 00:00:00-04:00,162.3857237588548,164.50306450874902,161.81453073644045,163.2720489501953,81235400,0.0,0.0
2023-05-05 00:00:00-04:00,168.38322333782398,171.65280778469676,168.1665634032941,170.93389892578125,113453200,0.0,0.0
2023-05-08 00:00:00-04:00,169.86043164324718,171.20963479482143,169.49605587870553,170.8649444580078,55962800,0.0,0.0
2023-05-09 00:00:00-04:00,170.42176761942747,170.90431601807424,168.99379282252266,169.1612091064453,45326900,0.0,0.0
2023-05-10 00:00:00-04:00,170.3922648627901,171.38692008917508,169.28926463206565,170.92405700683594,53724500,0.0,0.0
2023-05-11 00:00:00-04:00,171.2096322648924,171.9383837832071,169.55513971049686,171.11114501953125,49514700,0.0,0.0
2023-05-12 00:00:00-04:00,171.2196142676148,171.6535334613317,168.63584185680983,170.18414306640625,45533100,0.24,0.0
2023-05-15 00:00:00-04:00,170.76601261404946,170.815324358024,169.09937498339835,169.6910858154297,37266700,0.0,0.0
2023-05-16 00:00:00-04:00,169.61219003463674,170.74628490689332,169.42481443623242,169.6910858154297,42110300,0.0,0.0
2023-05-17 00:00:00-04:00,169.3360585337975,170.53917778241149,168.06388478776768,170.30250549316406,57951600,0.0,0.0
2023-05-18 00:00:00-04:00,170.60822168470452,172.8172584115987,170.1940301198803,172.6298828125,65496700,0.0,0.0
2023-05-19 00:00:00-04:00,173.95136353170963,173.95136353170963,172.52141315393132,172.73837280273438,55809500,0.0,0.0
2023-05-22 00:00:00-04:00,171.57463586444004,172.2945540862593,171.05196458153654,171.79159545898438,43570900,0.0,0.0
2023-05-23 00:00:00-04:00,170.7364424785807,170.9829861706954,168.91201313779877,169.18814086914062,50747300,0.0,0.0
2023-05-24 00:00:00-04:00,168.72461766792532,170.03623176135926,168.16250594092847,169.46424865722656,45143500,0.0,0.0
2023-05-25 00:00:00-04:00,170.02637505144457,171.49576564962197,169.31632809947834,170.59835815429688,56058300,0.0,0.0
2023-05-26 00:00:00-04:00,170.92376397994929,173.33988838819255,170.7166607230928,173.00457763671875,54835000,0.0,0.0
2023-05-30 00:00:00-04:00,174.51347436884586,176.51540772383512,174.1288668535482,174.84877014160156,55964400,0.0,0.0
2023-05-31 00:00:00-04:00,174.87838004309978,176.870457363353,174.31625318107535,174.7994842529297,99625300,0.0,0.0
2023-06-01 00:00:00-04:00,175.24323239604442,177.62977324467488,174.4838737017158,177.60018920898438,68901800,0.0,0.0
2023-06-02 00:00:00-04:00,178.52718373632618,179.2668146743205,176.78165050926717,178.4482879638672,61996900,0.0,0.0
2023-06-05 00:00:00-04:00,180.10506441660397,182.39298156722955,175.57851175717974,177.09722900390625,121946500,0.0,0.0
2023-06-06 00:00:00-04:00,177.4818481362361,177.62976831057978,174.97695616659206,176.73236083984375,64848400,0.0,0.0
2023-06-07 00:00:00-04:00,175.97299569419778,178.70470351330488,174.8684849721747,175.361572265625,61944600,0.0,0.0
2023-06-08 00:00:00-04:00,175.44044804834044,178.3398036598064,175.00654388250445,178.07354736328125,50214900,0.0,0.0
2023-06-09 00:00:00-04:00,178.99067275354267,179.7105759291869,178.13270574903748,178.45814514160156,48900000,0.0,0.0
2023-06-12 00:00:00-04:00,178.7638742754878,181.34764691680866,178.468018885392,181.2490234375,54274900,0.0,0.0
2023-06-13 00:00:00-04:00,180.2727216495119,181.60404834381112,179.91769818813273,180.77566528320312,54929100,0.0,0.0
2023-06-14 00:00:00-04:00,180.83483150172444,181.84073380664427,179.50350482104812,181.4068145751953,57462900,0.0,0.0
2023-06-15 00:00:00-04:00,181.41667817053525,183.94128262941163,181.23915892536104,183.43832397460938,65433200,0.0,0.0
2023-06-16 00:00:00-04:00,184.14837692000424,184.40479194393566,181.72239585614398,182.3634033203125,101256200,0.0,0.0
2023-06-20 00:00:00-04:00,181.8604527350327,183.52709013546678,181.8604527350327,182.4521484375,49799100,0.0,0.0
2023-06-21 00:00:00-04:00,182.34366316376426,182.8466218007744,180.06560242478363,181.4166717529297,49515700,0.0,0.0
2023-06-22 00:00:00-04:00,181.19973368511316,184.46396933431626,181.13069423738702,184.41465759277344,51245300,0.0,0.0
2023-06-23 00:00:00-04:00,182.9847233686237,184.96692915011988,182.45218058994394,184.09909057617188,53117000,0.0,0.0
2023-06-26 00:00:00-04:00,184.24700235631448,185.4501365723536,182.6691169769034,182.7085723876953,48088700,0.0,0.0
2023-06-27 00:00:00-04:00,183.32000947784528,185.78544616190248,183.10304984582174,185.4600067138672,50730800,0.0,0.0
2023-06-28 00:00:00-04:00,185.33180236622022,187.2745677103686,185.00637796044083,186.63356018066406,51216800,0.0,0.0
2023-06-29 00:00:00-04:00,186.46591313429835,187.44223149955704,186.3278492789131,186.96885681152344,46347300,0.0,0.0
2023-06-30 00:00:00-04:00,188.98065447297634,191.79124321876165,188.61575961709715,191.28829956054688,85213200,0.0,0.0
2023-07-03 00:00:00-04:00,191.10092178559267,191.19954526937022,189.10884478636748,189.79917907714844,31458200,0.0,0.0
2023-07-05 00:00:00-04:00,188.92148652956726,190.31198136153697,187.98460856583768,188.68479919433594,46920300,0.0,0.0
2023-07-06 00:00:00-04:00,187.21539208287066,189.36526064633148,186.5842409083175,189.1581573486328,45094300,0.0,0.0
2023-07-07 00:00:00-04:00,188.76366516963594,190.00623962579556,187.6098428072387,188.0437469482422,46815000,0.0,0.0
2023-07-10 00:00:00-04:00,186.6433878022031,187.36330604998784,184.45407912216882,186.00238037109375,59922200,0.0,0.0
2023-07-11 00:00:00-04:00,186.5447760995126,186.68283993061024,184.02017173211044,185.47970581054688,46638100,0.0,0.0
2023-07-12 00:00:00-04:00,187.057564649218,189.04964127499804,185.86430197749195,187.14633178710938,60750200,0.0,0.0
2023-07-13 00:00:00-04:00,187.86622980967195,188.5466925772649,187.1561830128643,187.90567016601562,41342300,0.0,0.0
2023-07-14 00:00:00-04:00,187.6000029338883,188.53686585918993,187.00830716161786,188.05364990234375,41616200,0.0,0.0
2023-07-17 00:00:00-04:00,189.24692777767194,191.63348390558141,189.15817566199323,191.30804443359375,50520200,0.0,0.0
2023-07-18 00:00:00-04:00,190.67688432979497,191.6433313227349,189.75973403360663,191.05162048339844,48288200,0.0,0.0
2023-07-19 00:00:00-04:00,190.4303301514657,195.48939585264796,189.9865395225249,192.40267944335938,80507300,0.0,0.0
2023-07-20 00:00:00-04:00,192.39279363664537,193.75371936128715,189.83860510668907,190.45989990234375,59581200,0.0,0.0
2023-07-21 00:00:00-04:00,191.41650251566858,192.2744696321092,188.5861710830146,189.28636169433594,71951700,0.0,0.0
2023-07-24 00:00:00-04:00,190.73605347791477,192.2153155367517,189.59208720760122,190.08517456054688,45377800,0.0,0.0
2023-07-25 00:00:00-04:00,190.65713123041024,191.75178560391285,190.2527960456413,190.943115234375,37283200,0.0,0.0
2023-07-26 00:00:00-04:00,190.99241694846552,192.93518195125802,190.64726489612826,191.81094360351562,47471900,0.0,0.0
2023-07-27 00:00:00-04:00,193.3099522093675,194.47363103189025,189.8879250921341,190.5486602783203,47460200,0.0,0.0
2023-07-28 00:00:00-04:00,191.97860770429688,193.91151654263126,191.4559363697747,193.12257385253906,48291400,0.0,0.0
2023-07-31 00:00:00-04:00,193.34938604539337,193.77344894031904,192.56044337061044,193.73399353027344,38824100,0.0,0.0
2023-08-01 00:00:00-04:00,193.52693454400202,194.01015053136803,192.58020018161,192.9056396484375,35175100,0.0,0.0
2023-08-02 00:00:00-04:00,192.34347668203839,192.48154051645844,189.19759252290805,189.91749572753906,50389300,0.0,0.0
2023-08-03 00:00:00-04:00,188.9215022402868,189.71042999433632,188.0536636534335,188.5270233154297,61235200,0.0,0.0
2023-08-04 00:00:00-04:00,182.95511789971007,184.78940327661547,179.40488328381886,179.4739227294922,115956800,0.0,0.0
2023-08-07 00:00:00-04:00,179.61197056531847,180.59814508763776,174.89805755245857,176.3773193359375,97576100,0.0,0.0
2023-08-08 00:00:00-04:00,177.205713919119,177.77769698523286,175.12488493894773,177.31419372558594,67823000,0.0,0.0
2023-08-09 00:00:00-04:00,178.3693964131728,178.42856448196,174.56276182695083,175.72645568847656,60378500,0.0,0.0
2023-08-10 00:00:00-04:00,176.99863993985085,178.2510860859084,175.14464164213348,175.509521484375,54686900,0.0,0.0
2023-08-11 00:00:00-04:00,175.10461152163393,176.38835756307438,174.34422750725284,175.5687255859375,52036700,0.24,0.0
2023-08-14 00:00:00-04:00,175.74649049543365,177.44500246999712,175.09473274674426,177.21788024902344,43675600,0.0,0.0
2023-08-15 00:00:00-04:00,176.64514364841483,177.23763842738072,174.8380051896738,175.23300170898438,43622600,0.0,0.0
2023-08-16 00:00:00-04:00,174.9169842350172,176.30935657463468,174.29485048513217,174.36398315429688,46964900,0.0,0.0
2023-08-17 00:00:00-04:00,174.9268647491592,175.29223725703497,171.31258808782235,171.8260955810547,66062900,0.0,0.0
2023-08-18 00:00:00-04:00,170.14732599213767,172.9123464424467,169.81157749118245,172.30996704101562,61172200,0.0,0.0
2023-08-21 00:00:00-04:00,172.88274314562352,173.92949746098708,171.56935789788312,173.6431121826172,46311900,0.0,0.0
2023-08-22 00:00:00-04:00,174.8478727981476,175.46012191641384,174.04799506153495,175.0157470703125,42038900,0.0,0.0
2023-08-23 00:00:00-04:00,176.28963972003098,179.2817827873095,176.10201110060572,178.85714721679688,52722800,0.0,0.0
2023-08-24 00:00:00-04:00,178.41277199096436,178.8374075605793,173.8109887437673,174.17637634277344,54945800,0.0,0.0
2023-08-25 00:00:00-04:00,175.16388093182096,176.91175631972774,173.62337343895007,176.37850952148438,51449600,0.0,0.0
2023-08-28 00:00:00-04:00,177.83999456976295,178.33374768816518,176.31924159506977,177.93875122070312,43820700,0.0,0.0
2023-08-29 00:00:00-04:00,177.45489519701718,182.5899254092932,177.25739693272806,181.81967163085938,53003900,0.0,0.0
2023-08-30 00:00:00-04:00,182.62943856671393,185.5030858470339,182.43194029759772,185.30557250976562,60813900,0.0,0.0
2023-08-31 00:00:00-04:00,185.49317264844964,186.75717945843076,185.1376697913831,185.52279663085938,60794500,0.0,0.0
2023-09-01 00:00:00-04:00,187.12259578872172,187.54721631397274,185.92770639795236,187.0929718017578,45766500,0.0,0.0
2023-09-05 00:00:00-04:00,185.92766852324166,187.60642607121574,185.26604116890505,187.32992553710938,45280000,0.0,0.0
2023-09-06 00:00:00-04:00,186.04621791679895,186.49060789475487,179.20280512864025,180.62481689453125,81755800,0.0,0.0
2023-09-07 00:00:00-04:00,172.99137409505227,175.98353252575788,171.37186410651492,175.34164428710938,112488800,0.0,0.0
2023-09-08 00:00:00-04:00,176.12176201867752,177.98814840122637,175.56874581023814,175.95387268066406,65551300,0.0,0.0
2023-09-11 00:00:00-04:00,177.82027676778657,178.0473990105972,175.12437356668377,177.119140625,58953100,0.0,0.0
2023-09-12 00:00:00-04:00,177.24751388848827,177.87951732730735,172.6358612060169,174.0973663330078,90370200,0.0,0.0
2023-09-13 00:00:00-04:00,174.30474566083996,175.0848841389881,171.80635572558617,172.0334930419922,84267900,0.0,0.0
2023-09-14 00:00:00-04:00,171.82612118103754,173.89989073979382,171.41137028291678,173.5443878173828,60895800,0.0,0.0
2023-09-15 00:00:00-04:00,174.2750911398521,174.29484548306786,171.64833608181547,172.82345581054688,109259500,0.0,0.0
2023-09-18 00:00:00-04:00,174.27511585610648,177.13889330258442,173.96899129951683,175.7465057373047,67257600,0.0,0.0
2023-09-19 00:00:00-04:00,175.3021561181191,177.3857954122995,174.91702919019727,176.83279418945312,51826900,0.0,0.0
2023-09-20 00:00:00-04:00,177.0203732393163,177.45487842056565,173.20859833310675,173.2974853515625,58436200,0.0,0.0
2023-09-21 00:00:00-04:00,172.36922214048295,174.0973581099587,171.6878404044714,171.7569580078125,63149100,0.0,0.0
2023-09-22 00:00:00-04:00,172.48773574692532,174.8676297137013,171.87548661966315,172.60623168945312,56725400,0.0,0.0
2023-09-25 00:00:00-04:00,172.02359502231215,174.75899170155245,171.97421669351675,173.88011169433594,46172700,0.0,0.0
2023-09-26 00:00:00-04:00,172.63585300181884,173.01109513731117,169.51532957863083,169.81158447265625,64588900,0.0,0.0
2023-09-27 00:00:00-04:00,170.46336179203436,170.87811270067803,166.93797153448685,168.30072021484375,66921800,0.0,0.0
2023-09-28 00:00:00-04:00,167.22430983558627,169.88070413963854,165.52579782856736,168.5574493408203,56294400,0.0,0.0
2023-09-29 00:00:00-04:00,169.87081569769032,170.9077001905232,168.211797495528,169.07093811035156,51861100,0.0,0.0
2023-10-02 00:00:00-04:00,169.0808338409062,172.12235512412923,168.79444856905252,171.5792236328125,52164500,0.0,0.0
2023-10-03 00:00:00-04:00,170.1078434596355,171.46073744550782,168.6858469308082,170.24609375,49594600,0.0,0.0
2023-10-04 00:00:00-04:00,168.95244285882518,172.03347264460572,168.83394692911625,171.49034118652344,53020300,0.0,0.0
2023-10-05 00:00:00-04:00,171.61871413723316,173.2579782200924,170.52258153582127,172.7247314453125,48527900,0.0,0.0
2023-10-06 00:00:00-04:00,171.6286058875163,175.76625988669193,171.0163417068709,175.2725067138672,57266700,0.0,0.0
2023-10-09 00:00:00-04:00,174.6010122921434,176.81303215553828,173.6036362062995,176.7537841796875,42390800,0.0,0.0
2023-10-10 00:00:00-04:00,175.87489990900735,177.47465549196244,175.72676490471198,176.16127014160156,43698000,0.0,0.0
2023-10-11 00:00:00-04:00,175.9736034231689,177.60299770884345,175.38110873868183,177.55361938476562,47551100,0.0,0.0
2023-10-12 00:00:00-04:00,177.8202822818536,180.0619109305439,176.80313684087554,178.45228576660156,56743100,0.0,0.0
2023-10-13 00:00:00-04:00,179.1533924067404,179.6570151987734,175.91437292525092,176.61550903320312,51427100,0.0,0.0
2023-10-16 00:00:00-04:00,174.54174811745375,176.84263973108403,174.3047411678942,176.4871368408203,52517000,0.0,0.0
2023-10-17 00:00:00-04:00,174.44298390478113,176.19087429527403,172.61610626933813,174.93673706054688,57549400,0.0,0.0
2023-10-18 00:00:00-04:00,173.3863659573123,175.36137864838344,172.9222367694585,173.6431121826172,54764400,0.0,0.0
2023-10-19 00:00:00-04:00,173.84062376512662,175.6181383369893,173.0012523479638,173.26788330078125,59302900,0.0,0.0
2023-10-20 00:00:00-04:00,173.11974130623128,173.2283676109075,170.48310107616433,170.72010803222656,64244000,0.0,0.0
2023-10-23 00:00:00-04:00,168.77470794688867,171.8359684831129,167.80694090892598,170.83859252929688,55980100,0.0,0.0
2023-10-24 00:00:00-04:00,170.88797493724758,171.50022404547477,169.30795876796012,171.27310180664062,43816600,0.0,0.0
2023-10-25 00:00:00-04:00,169.73259505065448,170.89784530264086,168.51795139973865,168.96234130859375,57157000,0.0,0.0
2023-10-26 00:00:00-04:00,168.24141831331102,169.23880917055772,163.60014241201984,164.80490112304688,70625300,0.0,0.0
2023-10-27 00:00:00-04:00,164.82467062426355,166.8490614359056,164.745668316651,166.11830139160156,58499100,0.0,0.0
2023-10-30 00:00:00-04:00,166.90832288755587,169.03145545417337,166.7601878982554,168.16244506835938,51131000,0.0,0.0
2023-10-31 00:00:00-04:00,167.23420217717043,168.76482492650203,165.80230595130433,168.63645935058594,44846000,0.0,0.0
2023-11-01 00:00:00-04:00,168.86359824995364,172.05323977559237,167.9945877763323,171.79649353027344,56934900,0.0,0.0
2023-11-02 00:00:00-04:00,173.32712561259646,175.55888462715336,173.26787764016203,175.3515167236328,77334800,0.0,0.0
2023-11-03 00:00:00-04:00,172.06308417750907,174.61085195895754,171.18420427007575,174.44296264648438,79829200,0.0,0.0
2023-11-06 00:00:00-05:00,174.17636920813592,177.18825142381783,174.00849494223715,176.99075317382812,63841300,0.0,0.0
2023-11-07 00:00:00-05:00,176.94138484513783,180.1606652677133,176.7340169447808,179.5484161376953,70530000,0.0,0.0
2023-11-08 00:00:00-05:00,180.07174904669054,181.15799675009242,179.32123474338437,180.60499572753906,49340300,0.0,0.0
2023-11-09 00:00:00-05:00,180.67417400336535,181.81966995293175,179.53853262491765,180.13104248046875,53763500,0.0,0.0
2023-11-10 00:00:00-05:00,181.91092560645075,184.4818312635396,181.47584787174287,184.313720703125,66133400,0.24,0.0
2023-11-13 00:00:00-05:00,183.74018560328048,183.94782669363863,182.1482051958573,182.73159790039062,43627500,0.0,0.0
2023-11-14 00:00:00-05:00,185.5991101996175,186.0045247766197,184.214786141562,185.34202575683594,60108400,0.0,0.0
2023-11-15 00:00:00-05:00,185.74744196041772,187.3789678351275,185.67821821290843,185.9056396484375,53790500,0.0,0.0
2023-11-16 00:00:00-05:00,187.44820698590362,188.82264852852316,186.5384909930313,187.58663940429688,54412900,0.0,0.0
2023-11-17 00:00:00-05:00,188.12059370194675,188.24914348244,186.4594046371221,187.56686401367188,50922700,0.0,0.0
2023-11-20 00:00:00-05:00,187.76460727588125,189.76200213676566,187.75472463510502,189.30714416503906,46505100,0.0,0.0
2023-11-21 00:00:00-05:00,189.2676114417462,189.37638084971888,187.61630503925363,188.5062255859375,38134500,0.0,0.0
2023-11-22 00:00:00-05:00,189.34669431189826,190.7705639920827,188.69407794514686,189.168701171875,39617700,0.0,0.0
2023-11-24 00:00:00-05:00,188.73367065803237,188.76333367409984,187.13180743837248,187.84375,24048300,0.0,0.0
2023-11-27 00:00:00-05:00,187.79429075090235,188.5358962659671,186.7857030257735,187.66574096679688,40552600,0.0,0.0
2023-11-28 00:00:00-05:00,187.6558347269926,188.9412871423915,187.28008315178343,188.26889038085938,38415400,0.0,0.0
2023-11-29 00:00:00-05:00,188.76331653900834,189.93999969621768,186.85492560121705,187.2504425048828,43014200,0.0,0.0
2023-11-30 00:00:00-05:00,187.71515943504943,188.18979776505014,186.08363355367433,187.8239288330078,48794400,0.0,0.0
2023-12-01 00:00:00-05:00,188.19969953750024,189.4159283197641,187.11200544734405,189.09951782226562,45704800,0.0,0.0
2023-12-04 00:00:00-05:00,187.85361573572166,187.9228394923183,185.35193435249073,187.3097686767578,43389500,0.0,0.0
2023-12-05 00:00:00-05:00,188.081033613139,192.2241233156588,188.05135551468544,191.25509643554688,66628400,0.0,0.0
2023-12-06 00:00:00-05:00,192.27355320919483,192.58008102103562,189.95974802820277,190.1674041748047,41089700,0.0,0.0
2023-12-07 00:00:00-05:00,191.4627450433353,192.81740609388598,191.42318430562543,192.0955810546875,47477700,0.0,0.0
2023-12-08 00:00:00-05:00,192.02637677770835,193.79635031367135,191.50231010992096,193.5194854736328,53406400,0.0,0.0
2023-12-11 00:00:00-05:00,190.9485830810774,191.3243346926335,189.27749628821252,191.01779174804688,60943700,0.0,0.0
2023-12-12 00:00:00-05:00,190.9189246189266,192.54056806660662,189.57414602172835,192.5306854248047,52696900,0.0,0.0
2023-12-13 00:00:00-05:00,192.90643617191267,195.78386938859322,192.66913204715806,195.74432373046875,70404200,0.0,0.0
2023-12-14 00:00:00-05:00,195.80361960949875,197.38570218691584,193.96443748585023,195.89260864257812,66831600,0.0,0.0
2023-12-15 00:00:00-05:00,195.3190970971854,196.17935458626624,194.79503045579114,195.35865783691406,128538400,0.0,0.0
2023-12-18 00:00:00-05:00,193.8952224343076,194.4291868327445,192.21425301938103,193.6974639892578,55751900,0.0,0.0
2023-12-19 00:00:00-05:00,193.96444926391277,194.7456004150459,193.69746706046115,194.7357177734375,40714100,0.0,0.0
2023-12-20 00:00:00-05:00,194.69614571593394,195.46741418063525,192.64932250976562,192.64932250976562,52242800,0.0,0.0
2023-12-21 00:00:00-05:00,193.90511142023345,194.87413831888384,191.33420648650613,192.50099182128906,46482500,0.0,0.0
2023-12-22 00:00:00-05:00,192.9953923922105,193.22282892375426,190.81013681243016,191.43309020996094,37149600,0.0,0.0
2023-12-26 00:00:00-05:00,191.44298138124012,191.719846217368,190.6717128965979,190.88925170898438,28919300,0.0,0.0
2023-12-27 00:00:00-05:00,190.33549688162287,191.33418668795235,188.95115779593849,190.98809814453125,48087700,0.0,0.0
2023-12-28 00:00:00-05:00,191.96705978425237,192.4812438348005,191.00791544042355,191.413330078125,34049900,0.0,0.0
2023-12-29 00:00:00-05:00,191.72973752393827,192.2241411947973,189.5840274029703,190.3750762939453,42672100,0.0,0.0
2024-01-02 00:00:00-05:00,185.0552730997862,186.33084291740326,181.83176685644636,183.5621795654297,82488700,0.0,0.0
2024-01-03 00:00:00-05:00,182.15808112880916,183.79950485996184,181.37691491631995,182.187744140625,58414500,0.0,0.0
2024-01-04 00:00:00-05:00,180.1112512492328,181.04073256447913,178.85547678867908,179.8739471435547,71983600,0.0,0.0
2024-01-05 00:00:00-05:00,179.95303087035154,180.71440156415224,178.15339449300276,179.15208435058594,62379700,0.0,0.0
2024-01-08 00:00:00-05:00,180.0519155054874,183.52263874374273,179.46852282651062,183.4830780029297,59144500,0.0,0.0
2024-01-09 00:00:00-05:00,181.8614637667107,183.07769270137814,180.68478049118508,183.06781005859375,42841800,0.0,0.0
2024-01-10 00:00:00-05:00,182.2866315170422,184.31367440860302,181.8614365329183,184.1060333251953,46792900,0.0,0.0
2024-01-11 00:00:00-05:00,184.45212033242825,184.9564217479187,181.56480461990643,183.51275634765625,49128400,0.0,0.0
2024-01-12 00:00:00-05:00,183.97748271061099,184.64987951630312,183.11722519297732,183.83905029296875,40477800,0.0,0.0
2024-01-16 00:00:00-05:00,180.12115895148446,182.19764543114704,178.9049149905355,181.57470703125,65603000,0.0,0.0
2024-01-17 00:00:00-05:00,179.2411232206481,180.88253205239923,178.28197882705663,180.6353302001953,47317400,0.0,0.0
2024-01-18 00:00:00-05:00,184.0071435872404,187.02300881659582,183.75005912545993,186.5187225341797,78005800,0.0,0.0
2024-01-19 00:00:00-05:00,187.21088801676132,189.80155831594578,186.70660172518024,189.41592407226562,68903000,0.0,0.0
2024-01-22 00:00:00-05:00,190.14764863184953,193.14373357255337,190.10808789018887,191.7198486328125,60133900,0.0,0.0
2024-01-23 00:00:00-05:00,192.83720939883855,193.55903452389106,191.66052626402544,192.9954071044922,42355600,0.0,0.0
2024-01-24 00:00:00-05:00,193.23271418014866,194.18197579456825,192.16480052192722,192.32301330566406,53631300,0.0,0.0
2024-01-25 00:00:00-05:00,193.03497008475262,194.07322080915367,190.94858599423335,191.99671936035156,54822100,0.0,0.0
2024-01-26 00:00:00-05:00,192.09559590318426,192.58010181757646,189.7916731135176,190.26629638671875,44594000,0.0,0.0
2024-01-29 00:00:00-05:00,189.86086444187634,190.04874022336423,187.45807019569023,189.58399963378906,47145600,0.0,0.0
2024-01-30 00:00:00-05:00,188.80288370915284,189.65325866018404,185.37172089064353,185.93533325195312,55859400,0.0,0.0
2024-01-31 00:00:00-05:00,184.94651023142666,185.00585134318092,182.28663127585358,182.3360595703125,55467800,0.0,0.0
2024-02-01 00:00:00-05:00,181.93068222666935,184.85754373397813,181.7625867762094,184.7685546875,64885400,0.0,0.0
2024-02-02 00:00:00-05:00,177.84686070362292,185.2332515745558,177.24368771791086,183.7698211669922,102551700,0.0,0.0
2024-02-05 00:00:00-05:00,186.04410163536497,187.13179578344227,183.75995901240586,185.57936096191406,69668800,0.0,0.0
2024-02-06 00:00:00-05:00,184.76853636353553,187.19111127921153,184.67954732588265,187.1812286376953,43490800,0.0,0.0
2024-02-07 00:00:00-05:00,188.50622203381667,188.91163664571195,186.49894443287428,187.2899932861328,53439000,0.0,0.0
2024-02-08 00:00:00-05:00,187.27020463334281,187.41851968576853,185.25304448034683,186.21218872070312,40962000,0.0,0.0
2024-02-09 00:00:00-05:00,186.7764919564484,188.10319576406224,186.13295321429996,186.97451782226562,45155200,0.24,0.0
2024-02-12 00:00:00-05:00,186.54880424779185,186.796321504533,184.9349868995182,185.29141235351562,41781900,0.0,0.0
2024-02-13 00:00:00-05:00,183.92510799252145,184.36074073565214,181.68754255866872,183.2023468017578,56529500,0.0,0.0
2024-02-14 00:00:00-05:00,183.4796068721132,183.6875129162611,180.62820312290157,182.3212127685547,54630500,0.0,0.0
2024-02-15 00:00:00-05:00,181.72719962604296,182.65786706531418,179.5490504680876,182.03411865234375,65434500,0.0,0.0
2024-02-16 00:00:00-05:00,181.59844306951368,183.01424950876478,179.8658224253954,180.4994659423828,49752500,0.0,0.0
2024-02-20 00:00:00-05:00,179.98465441119404,180.6182980286837,178.2124373755958,179.75694274902344,53665600,0.0,0.0
2024-02-21 00:00:00-05:00,180.13316833455778,181.0737309260645,178.86588113831095,180.5093994140625,41371400,0.0,0.0
2024-02-22 00:00:00-05:00,181.65785591778803,183.12316891523534,180.6479964148563,182.5390167236328,52292200,0.0,0.0
2024-02-23 00:00:00-05:00,183.17269052734747,183.2023913936763,180.42029946099493,180.70742797851562,45119700,0.0,0.0
2024-02-26 00:00:00-05:00,180.4302078946742,180.94503297704767,178.85598645977296,179.36093139648438,40867400,0.0,0.0
2024-02-27 00:00:00-05:00,179.30151026553332,182.09349711935678,177.77679547469845,180.81631469726562,54318900,0.0,0.0
2024-02-28 00:00:00-05:00,180.69750358801915,181.30144633523983,178.34114943443706,179.6183319091797,48953900,0.0,0.0
2024-02-29 00:00:00-05:00,179.4698267249393,180.75691955299587,177.74710108364005,178.95498657226562,136682600,0.0,0.0
2024-03-01 00:00:00-05:00,177.76690051629518,178.73716395290236,175.61845249589473,177.8758087158203,73563100,0.0,0.0
2024-03-04 00:00:00-05:00,174.40064432483445,175.14319605787904,172.06408093389737,173.361083984375,81510100,0.0,0.0
2024-03-05 00:00:00-05:00,169.06420089624305,170.33148818677603,167.93552268101038,168.43055725097656,95132400,0.0,0.0
2024-03-06 00:00:00-05:00,169.36121186741923,169.53943215491887,167.00484265804033,167.4404754638672,68587700,0.0,0.0
2024-03-07 00:00:00-05:00,167.47015957545335,169.0344703547855,166.81672553933012,167.3216552734375,71765100,0.0,0.0
2024-03-08 00:00:00-05:00,167.32165453074688,171.97497562938204,167.26225281020422,169.0344696044922,76267000,0.0,0.0
2024-03-11 00:00:00-04:00,171.2225546353428,172.6482565736913,170.34139373001014,171.03443908691406,60139500,0.0,0.0
2024-03-12 00:00:00-04:00,171.43045147590772,172.3017170819102,169.31170429451927,171.50965881347656,59825400,0.0,0.0
2024-03-13 00:00:00-04:00,171.05423942259554,171.4700666239107,169.06419090034882,169.43052673339844,52488700,0.0,0.0
2024-03-14 00:00:00-04:00,171.1928340614332,172.57892461566286,170.34137411890524,171.2819366455078,72913500,0.0,0.0
2024-03-15 00:00:00-04:00,169.47011882986195,170.9057159423828,168.59885322457814,170.9057159423828,121752700,0.0,0.0
2024-03-18 00:00:00-04:00,173.82643054023092,175.94517770513775,171.7967859641753,171.9947967529297,75604200,0.0,0.0
2024-03-19 00:00:00-04:00,172.6086493883763,174.8561105550952,171.31166123855039,174.3313751220703,55215200,0.0,0.0
2024-03-20 00:00:00-04:00,173.97494430389506,176.89564514160156,173.35119593354977,176.89564514160156,53423100,0.0,0.0
2024-03-21 00:00:00-04:00,175.29173693263047,175.72736975318543,169.14340118299,169.6681365966797,106181300,0.0,0.0
2024-03-22 00:00:00-04:00,170.05426688241553,171.33146450930536,168.37115239719608,170.56910705566406,71160100,0.0,0.0
2024-03-25 00:00:00-04:00,168.87610215909345,170.23249206020807,167.76721443821097,169.1533203125,54288300,0.0,0.0
2024-03-26 00:00:00-04:00,168.3117257823714,169.71762191427138,167.89589862566189,168.0246124267578,57388400,0.0,0.0
2024-03-27 00:00:00-04:00,168.71767294274684,171.87599567632833,168.42064920188324,171.5888671875,60273300,0.0,0.0
2024-03-28 00:00:00-04:00,170.04437673388762,170.51960569647457,168.81668554767697,169.7770538330078,65672700,0.0,0.0
2024-04-01 00:00:00-04:00,169.48991432845702,169.54931605122675,167.79688969325008,168.3414306640625,46240500,0.0,0.0
2024-04-02 00:00:00-04:00,167.40087579338118,167.65828830624176,166.55931106297376,167.1632537841797,49329500,0.0,0.0
2024-04-03 00:00:00-04:00,167.11376514661308,168.98499523543435,166.9058590852198,167.96522521972656,47691700,0.0,0.0
2024-04-04 00:00:00-04:00,168.59883533803097,170.2126525655396,167.14344787597656,167.14344787597656,53704400,0.0,0.0
2024-04-05 00:00:00-04:00,167.90581505219322,168.69787335368648,167.2721714324497,167.8959197998047,42104800,0.0,0.0
2024-04-08 00:00:00-04:00,167.35138730592178,167.51969724864153,166.56923932419392,166.7771453857422,37425500,0.0,0.0
2024-04-09 00:00:00-04:00,167.02464767080627,168.39094781013864,166.67813256359855,167.98501586914062,42373800,0.0,0.0
2024-04-10 00:00:00-04:00,167.1236748074244,167.41078821247058,165.45045553411236,166.11380004882812,49709300,0.0,0.0
2024-04-11 00:00:00-04:00,166.66823651643443,173.7175391133101,166.49003132152566,173.30169677734375,91070300,0.0,0.0
2024-04-12 00:00:00-04:00,172.52942533467058,176.5887144383463,172.47993396851362,174.79669189453125,101670900,0.0,0.0
2024-04-15 00:00:00-04:00,173.61851932570818,174.8759113224836,170.7869210734751,170.97503662109375,73531800,0.0,0.0
2024-04-16 00:00:00-04:00,170.0443499195711,172.03438316124112,166.59891404642835,167.69789123535156,73711200,0.0,0.0
2024-04-17 00:00:00-04:00,167.9256158132339,168.95528100035153,166.33160400390625,166.33160400390625,50901200,0.0,0.0
2024-04-18 00:00:00-04:00,166.36130787024413,166.96525061902096,164.89600984807865,165.38113403320312,43122900,0.0,0.0
2024-04-19 00:00:00-04:00,164.55941006923095,164.7475105290668,162.4505578172506,163.36141967773438,68149400,0.0,0.0
2024-04-22 00:00:00-04:00,163.87623994630854,165.59895049362888,163.1336881290828,164.19305419921875,48116400,0.0,0.0
2024-04-23 00:00:00-04:00,163.70794332424896,165.39105789202225,163.2822057253187,165.24253845214844,49537800,0.0,0.0
2024-04-24 00:00:00-04:00,164.88609429896647,167.6186945681344,164.55938480415762,167.3414764404297,48251800,0.0,0.0
2024-04-25 00:00:00-04:00,167.84642483703811,168.91570135131437,166.48012455092012,168.20285034179688,50558300,0.0,0.0
2024-04-26 00:00:00-04:00,168.19293999888993,169.63843239437367,167.49987955768663,167.6186981201172,44838400,0.0,0.0
2024-04-29 00:00:00-04:00,171.64826373021612,174.28185098854456,171.38095596804143,171.7769775390625,68169400,0.0,0.0
2024-04-30 00:00:00-04:00,171.60868084411632,173.2521991943247,168.31174889120035,168.6384735107422,65934800,0.0,0.0
2024-05-01 00:00:00-04:00,167.8959162536964,170.99483730573115,167.43058257791944,167.6186981201172,50383100,0.0,0.0
2024-05-02 00:00:00-04:00,170.79683580066592,171.6978024171198,169.19292849767666,171.31167602539062,94214900,0.0,0.0
2024-05-03 00:00:00-04:00,184.7963988764884,185.14292911827533,180.84603267784937,181.5588836669922,163224100,0.0,0.0
2024-05-06 00:00:00-04:00,180.53910014061182,182.3707188474722,178.62825898838415,179.90545654296875,78569700,0.0,0.0
2024-05-07 00:00:00-04:00,181.6281680754234,183.06376520709566,179.51933122687228,180.58859252929688,77305800,0.0,0.0
2024-05-08 00:00:00-04:00,181.0341096024307,181.25192597526086,179.64800403830677,180.92520141601562,45057100,0.0,0.0
2024-05-09 00:00:00-04:00,180.74699689996783,182.82614787366472,180.3014688648197,182.73704528808594,48983000,0.0,0.0
2024-05-10 00:00:00-04:00,183.3120539854214,183.50042466657956,180.56585391849484,181.4779510498047,50759500,0.25,0.0
2024-05-13 00:00:00-04:00,183.84742393900163,185.4931713127623,183.03445892506747,184.68020629882812,72044800,0.0,0.0
2024-05-14 00:00:00-04:00,185.89965779253163,186.6828817403559,184.6901339480471,185.82034301757812,52393600,0.0,0.0
2024-05-15 00:00:00-04:00,186.29621459797372,189.0126735344407,185.76084369802737,188.09066772460938,70400000,0.0,0.0
2024-05-16 00:00:00-04:00,188.83421956137332,189.45881387860598,188.03117836935675,188.20962524414062,52845200,0.0,0.0
2024-05-17 00:00:00-04:00,187.88245575005936,189.17129419091543,187.55528802161362,188.23936462402344,41282900,0.0,0.0
2024-05-20 00:00:00-04:00,187.70403175639103,190.2717851507536,187.38677266186554,189.3993377685547,44361300,0.0,0.0
2024-05-21 00:00:00-04:00,189.44891605266244,191.07483113273048,189.2803778274553,190.69810485839844,42309400,0.0,0.0
2024-05-22 00:00:00-04:00,190.6187885434668,191.16406816634918,188.63596455316463,189.2605438232422,34648500,0.0,0.0
2024-05-23 00:00:00-04:00,189.3398501117122,189.35968258649532,185.02721720275102,185.2750701904297,51005900,0.0,0.0
2024-05-24 00:00:00-04:00,187.19840810516956,188.94328765804346,186.42509288132968,188.3484344482422,36327000,0.0,0.0
2024-05-28 00:00:00-04:00,189.86528785982966,191.34249703943843,187.47599667367734,188.3583526611328,52280100,0.0,0.0
2024-05-29 00:00:00-04:00,187.9815936912238,190.5989202616182,187.88244645923604,188.65574645996094,53068000,0.0,0.0
2024-05-30 00:00:00-04:00,189.12175436970267,190.52955764421512,188.99288109200768,189.64720153808594,49889100,0.0,0.0
2024-05-31 00:00:00-04:00,189.79589676882185,190.9161970579539,188.2790377703441,190.59893798828125,75158300,0.0,0.0
2024-06-03 00:00:00-04:00,191.24336235629542,193.31542486412093,190.86663609575578,192.36366271972656,50080500,0.0,0.0
2024-06-04 00:00:00-04:00,192.96838043388857,193.64254828339384,191.37220692766508,192.68087768554688,47471400,0.0,0.0
2024-06-05 00:00:00-04:00,193.72188613227584,195.20900403542353,193.19643901671662,194.18785095214844,54156800,0.0,0.0
2024-06-06 00:00:00-04:00,194.0093990023229,194.81244022862765,192.50244866402238,192.80978393554688,41181800,0.0,0.0
2024-06-07 00:00:00-04:00,192.9783133981505,195.2486550396786,192.4726987931798,195.19908142089844,53103900,0.0,0.0
2024-06-10 00:00:00-04:00,195.20899197297106,195.60556579928584,190.49978557066368,191.46145629882812,97010200,0.0,0.0
2024-06-11 00:00:00-04:00,191.98692512163242,205.38091074009856,191.96710777388114,205.37098693847656,172373300,0.0,0.0
2024-06-12 00:00:00-04:00,205.58908283581826,218.30889945026047,205.1231180281253,211.24014282226562,198134300,0.0,0.0
2024-06-13 00:00:00-04:00,212.8957913864929,214.88852380834695,209.782758705521,212.40008544921875,97862700,0.0,0.0
2024-06-14 00:00:00-04:00,212.01345147179217,213.32210737882852,209.4853479747781,210.66513061523438,70122700,0.0,0.0
2024-06-17 00:00:00-04:00,211.53758704443374,217.06966817138198,210.8931752545736,214.8092498779297,93728300,0.0,0.0
2024-06-18 00:00:00-04:00,215.7213082393038,216.7523850703462,211.17073132176122,212.44964599609375,79943300,0.0,0.0
2024-06-20 00:00:00-04:00,212.0927425591543,212.4000929584359,207.05638337080816,207.87924194335938,86172500,0.0,0.0
2024-06-21 00:00:00-04:00,208.58315742215362,210.07027533194446,205.33132746963062,205.70806884765625,241805100,0.0,0.0
2024-06-24 00:00:00-04:00,205.93610206103614,210.87332959032133,204.8158016590104,206.3524932861328,80727000,0.0,0.0
2024-06-25 00:00:00-04:00,207.35378999494392,209.56464939365068,206.8184342324815,207.2744903564453,55549700,0.0,0.0
2024-06-26 00:00:00-04:00,209.68363861405976,213.0147835489249,208.83102368645302,211.41860961914062,66213200,0.0,0.0
2024-06-27 00:00:00-04:00,212.8462361886446,213.88722177256454,210.5263358320774,212.2613067626953,49772700,0.0,0.0
2024-06-28 00:00:00-04:00,213.9169841828714,214.21441082608845,208.49395901051298,208.8112030029297,82542700,0.0,0.0
2024-07-01 00:00:00-04:00,210.26856627972688,215.64201747450758,210.10002805599396,214.8885498046875,60402900,0.0,0.0
2024-07-02 00:00:00-04:00,214.29369867156123,218.48738234159504,213.2527281692765,218.37832641601562,58046200,0.0,0.0
2024-07-03 00:00:00-04:00,218.11061688690268,219.64730834960938,217.14894613859082,219.64730834960938,37369800,0.0,0.0
2024-07-05 00:00:00-04:00,219.74645469045154,224.50523511983306,219.74645469045154,224.39617919921875,60412400,0.0,0.0
2024-07-08 00:00:00-04:00,225.13973799267995,225.89322076278884,221.3327197032473,225.8634796142578,59085900,0.0,0.0
2024-07-09 00:00:00-04:00,225.97252074204383,227.42989753320916,224.4259205051531,226.71607971191406,48076100,0.0,0.0
2024-07-10 00:00:00-04:00,227.3307677065015,231.0783037422216,227.28119408246098,230.97915649414062,62627700,0.0,0.0
2024-07-11 00:00:00-04:00,229.40281699319425,230.39422897123262,223.83108651749725,225.61563110351562,64710600,0.0,0.0
2024-07-12 00:00:00-04:00,226.9540218514806,230.64207551688347,226.71607753741577,228.5601043701172,53046500,0.0,0.0
2024-07-15 00:00:00-04:00,234.44908623752588,235.1926451763578,231.08820043911544,232.38694763183594,62631300,0.0,0.0
2024-07-16 00:00:00-04:00,232.98182214446476,234.2409196318231,230.3347538954296,232.80337524414062,43234300,0.0,0.0
2024-07-17 00:00:00-04:00,227.47944931340314,229.47219684306242,224.6935843942369,226.9143524169922,57345900,0.0,0.0
2024-07-18 00:00:00-04:00,228.30236502251043,228.46099458072425,220.36115997030524,222.25474548339844,66034600,0.0,0.0
2024-07-19 00:00:00-04:00,222.88925101284036,224.85224251867803,221.36246807560826,222.3836212158203,49151500,0.0,0.0
2024-07-22 00:00:00-04:00,225.06039989232605,225.8237912569016,221.17406723372827,222.03660583496094,48201800,0.0,0.0
2024-07-23 00:00:00-04:00,222.44308791792702,224.9910238167192,220.76759935066607,223.0775909423828,39960300,0.0,0.0
2024-07-24 00:00:00-04:00,222.07627816799848,222.86941075843336,215.26528287042115,216.6631622314453,61777600,0.0,0.0
2024-07-25 00:00:00-04:00,217.0497975364767,218.95332167523742,212.77681471652627,215.62217712402344,51391200,0.0,0.0
2024-07-26 00:00:00-04:00,216.8217851678197,217.6050090608147,214.15488466672127,216.08815002441406,41601300,0.0,0.0
2024-07-29 00:00:00-04:00,215.0967318967012,217.41663210574902,213.89711684474761,216.36573791503906,36311800,0.0,0.0
2024-07-30 00:00:00-04:00,217.30760956688079,218.4378186982869,214.26396731336547,216.92095947265625,41643800,0.0,0.0
2024-07-31 00:00:00-04:00,219.53825698895486,221.89782218872546,218.7352157578384,220.17276000976562,50036300,0.0,0.0
2024-08-01 00:00:00-04:00,222.44310665442717,222.55216258005441,215.15623749650504,216.48472595214844,62501000,0.0,0.0
2024-08-02 00:00:00-04:00,217.2679231335739,223.66254232334134,215.84030263063204,217.97183227539062,105568600,0.0,0.0
2024-08-05 00:00:00-04:00,197.38019703112641,211.66644653820467,194.31673780556494,207.4727783203125,119548600,0.0,0.0
2024-08-06 00:00:00-04:00,203.53686913101606,208.18659343179937,199.34320096724198,205.45028686523438,69660500,0.0,0.0
2024-08-07 00:00:00-04:00,205.12311510057037,211.80523672133984,204.61750047992084,208.01805114746094,63516400,0.0,0.0
2024-08-08 00:00:00-04:00,211.27979376271134,212.36042911915672,207.03655197769595,211.4780731201172,47161100,0.0,0.0
2024-08-09 00:00:00-04:00,210.27844462907473,214.91824449904007,210.14955625677237,214.3828887939453,42201600,0.0,0.0
2024-08-12 00:00:00-04:00,214.4623401059105,217.8767320905019,213.9958359256548,215.91146850585938,38028100,0.25,0.0
2024-08-13 00:00:00-04:00,217.380462936734,220.2390393048837,217.380462936734,219.6236572265625,44155300,0.0,0.0
2024-08-14 00:00:00-04:00,218.92885985517657,221.37054778476931,218.06532277692483,220.07029724121094,41960600,0.0,0.0
2024-08-15 00:00:00-04:00,222.9288560878089,223.67327566716008,221.1025352094067,223.04795837402344,46414000,0.0,0.0
2024-08-16 00:00:00-04:00,222.25391598005478,225.14226768918678,221.98592068094572,224.36807250976562,44340200,0.0,0.0
2024-08-19 00:00:00-04:00,224.04049524539928,224.3084905076418,221.38042834093542,224.209228515625,40687800,0.0,0.0
2024-08-20 00:00:00-04:00,224.09014645304697,225.4797235950926,223.77252016614798,224.8246307373047,30299000,0.0,0.0
2024-08-21 00:00:00-04:00,224.8346020684513,226.28373058529078,223.37553826276908,224.71548461914062,34765500,0.0,0.0
2024-08-22 00:00:00-04:00,226.09511339685906,226.64102413052154,222.2340576918725,222.859375,43695300,0.0,0.0
2024-08-23 00:00:00-04:00,223.98097823318813,226.52192810531062,222.66087229355688,225.15219116210938,38677300,0.0,0.0
2024-08-26 00:00:00-04:00,225.07279660900764,225.58893181224732,222.22415556593285,225.4896697998047,30602200,0.0,0.0
2024-08-27 00:00:00-04:00,224.31843379232603,227.14723425887112,223.21669220638537,226.3333282470703,35934600,0.0,0.0
2024-08-28 00:00:00-04:00,226.22414704916858,228.14971479709,224.0008084384826,224.80479431152344,38052200,0.0,0.0
2024-08-29 00:00:00-04:00,228.3879521456165,231.18696212304621,227.1770283167567,228.0802459716797,51906300,0.0,0.0
2024-08-30 00:00:00-04:00,228.4772755570311,228.68570457235603,225.78743262658827,227.29612731933594,52990800,0.0,0.0
2024-09-03 00:00:00-04:00,226.84948058831634,227.2961293418145,219.52438650802387,221.11248779296875,50190600,0.0,0.0
2024-09-04 00:00:00-04:00,220.01072730838987,220.1298295937355,215.86182100754215,219.20675659179688,43840200,0.0,0.0
2024-09-05 00:00:00-04:00,219.9809679444758,223.80231295165626,219.87178579311316,220.7253875732422,36615400,0.0,0.0
2024-09-06 00:00:00-04:00,222.28368749781316,223.56409767944487,218.13479623481732,219.17698669433594,48423000,0.0,0.0
2024-09-09 00:00:00-04:00,219.17701543505086,219.6236642204836,215.09759492361837,219.26634216308594,67180000,0.0,0.0
2024-09-10 00:00:00-04:00,217.29112653781655,219.83207646515766,215.1174187834135,218.47227478027344,51591000,0.0,0.0
2024-09-11 00:00:00-04:00,219.81222755985956,221.43008920211523,216.26878297144034,221.0032958984375,44587100,0.0,0.0
2024-09-12 00:00:00-04:00,220.84449248276735,221.8866830044339,218.1844402475294,221.11248779296875,37455600,0.0,0.0
2024-09-13 00:00:00-04:00,221.91644846858938,222.37301734416337,220.25887596851652,220.844482421875,36766600,0.0,0.0
2024-09-16 00:00:00-04:00,214.92882889414335,215.60377723416104,212.32832783334672,214.71047973632812,59357400,0.0,0.0
2024-09-17 00:00:00-04:00,214.14470101422842,215.2861383219032,212.90400170360138,215.1769561767578,45519300,0.0,0.0
2024-09-18 00:00:00-04:00,215.931307109631,221.05291740528648,215.92137182236397,219.04794311523438,59894900,0.0,0.0
2024-09-19 00:00:00-04:00,223.31596324984213,228.11002736409566,222.95864123060412,227.16708374023438,66781300,0.0,0.0
2024-09-20 00:00:00-04:00,228.2589097535001,231.3556905514529,225.92638886705737,226.5020751953125,318679900,0.0,0.0
2024-09-23 00:00:00-04:00,225.64847983003366,227.74278104335218,224.12986496132828,224.7849578857422,54146000,0.0,0.0
2024-09-24 00:00:00-04:00,226.94874349226038,227.64354731931365,224.05047131587074,225.6782684326172,43556100,0.0,0.0
2024-09-25 00:00:00-04:00,223.2563961324406,225.59883710649478,222.35317851779175,224.68568420410156,42308700,0.0,0.0
2024-09-26 00:00:00-04:00,225.60876888531146,226.7998372114188,223.73283210674714,225.82713317871094,36636700,0.0,0.0
2024-09-27 00:00:00-04:00,226.7601514881057,227.81226214161182,225.6087788258606,226.09512329101562,34026000,0.0,0.0
2024-09-30 00:00:00-04:00,228.3283747151782,231.266357421875,227.9412771261621,231.266357421875,54541900,0.0,0.0
2024-10-01 00:00:00-04:00,227.81227091446172,227.94129335648356,222.0752779583648,224.5269012451172,63285000,0.0,0.0
2024-10-02 00:00:00-04:00,224.2092739820147,225.67825786117984,221.36063294746157,225.0926513671875,32880600,0.0,0.0
2024-10-03 00:00:00-04:00,223.4648504260935,225.12242301224842,221.65839996957536,223.99090576171875,34044200,0.0,0.0
2024-10-04 00:00:00-04:00,226.20427877531475,226.3035407723517,222.46234078203926,225.1124725341797,37245100,0.0,0.0
2024-10-07 00:00:00-04:00,222.8296172342201,224.01076551273388,219.68320530273118,220.04052734375,39505400,0.0,0.0
2024-10-08 00:00:00-04:00,222.63108533790577,224.29857792676054,221.58889489724396,224.09014892578125,31855700,0.0,0.0
2024-10-09 00:00:00-04:00,223.55416342639623,228.0405364361267,223.15714569962594,227.83209228515625,33591100,0.0,0.0
2024-10-10 00:00:00-04:00,226.08521111865923,227.7924147414137,225.47974919262126,227.33583068847656,28183500,0.0,0.0
2024-10-11 00:00:00-04:00,227.59388209213523,227.7030642360917,225.64845893034402,225.85690307617188,31759200,0.0,0.0
2024-10-14 00:00:00-04:00,226.99834931201846,230.0058033150611,226.89910245149323,229.57901000976562,39882100,0.0,0.0
2024-10-15 00:00:00-04:00,231.87182665313995,235.7229623804217,230.6410474142004,232.11004638671875,64751400,0.0,0.0
2024-10-16 00:00:00-04:00,229.87676649695567,230.39288648800354,228.1298522341637,230.055419921875,34082200,0.0,0.0
2024-10-17 00:00:00-04:00,231.69315867439417,232.11004699556463,228.8048220166126,230.4226837158203,32993800,0.0,0.0
2024-10-18 00:00:00-04:00,234.4226930307779,234.4226930307779,232.26884075534687,233.25148010253906,46431500,0.0,0.0
2024-10-21 00:00:00-04:00,232.7055796017645,235.08773156933626,232.7055796017645,234.72047424316406,36254500,0.0,0.0
2024-10-22 00:00:00-04:00,232.14972869721714,234.46239402859047,230.8693336731526,234.10507202148438,38846600,0.0,0.0
2024-10-23 00:00:00-04:00,232.33831918874512,233.3904297884605,226.06533615950997,229.0430145263672,52287000,0.0,0.0
2024-10-24 00:00:00-04:00,228.26884002769643,229.10260155629064,226.710529416834,228.85446166992188,31109500,0.0,0.0
2024-10-25 00:00:00-04:00,228.03064447383113,231.48474758840828,227.86191116183892,229.68821716308594,38802300,0.0,0.0
2024-10-28 00:00:00-04:00,231.5839844241638,232.98348177622344,230.81970938626554,231.6633758544922,36087100,0.0,0.0
2024-10-29 00:00:00-04:00,231.36561495313973,232.5864588417728,230.59141979007921,231.93136596679688,35417200,0.0,0.0
2024-10-30 00:00:00-04:00,230.87925826342104,231.7328600109945,227.8420287171323,228.387939453125,47070900,0.0,0.0
2024-10-31 00:00:00-04:00,227.63358238786932,228.11994197442104,223.693120129287,224.22911071777344,64370100,0.0,0.0
2024-11-01 00:00:00-04:00,219.32586653780092,223.67328184782377,218.6310779402587,221.25143432617188,65276700,0.0,0.0
2024-11-04 00:00:00-05:00,219.34570882983752,221.13230364643434,218.07523400035532,220.3581085205078,44944500,0.0,0.0
2024-11-05 00:00:00-05:00,220.14969745378525,222.28369429475046,219.49460455688452,221.78741455078125,28111300,0.0,0.0
2024-11-06 00:00:00-05:00,220.95366880237512,224.387931303672,219.54423614319148,221.06285095214844,54561100,0.0,0.0
2024-11-07 00:00:00-05:00,222.95862926675593,226.18444740932767,222.8990781242877,225.78741455078125,42137700,0.0,0.0
2024-11-08 00:00:00-05:00,225.72782337627459,227.20836966100222,224.97265364792685,225.5191650390625,38328800,0.25,0.0
2024-11-11 00:00:00-05:00,223.5716039938927,224.26715706282306,220.093823487321,222.80648803710938,42005600,0.0,0.0
2024-11-12 00:00:00-05:00,223.12446381828886,224.1578547832826,221.94201602014732,222.80648803710938,40398300,0.0,0.0
2024-11-13 00:00:00-05:00,222.58787261698694,225.2111120360391,221.34580821096,223.69082641601562,48566200,0.0,0.0
2024-11-14 00:00:00-05:00,223.59146688403666,227.41701609796436,223.57158960851197,226.77114868164062,44923900,0.0,0.0
2024-11-15 00:00:00-05:00,224.96268496170848,225.4793879673537,222.84621765747355,223.5715789794922,47923700,0.0,0.0
2024-11-18 00:00:00-05:00,223.8199993254601,228.28149999782985,223.74050538640262,226.57241821289062,44633700,0.0,0.0
2024-11-19 00:00:00-05:00,225.53902995111423,228.69884983965085,225.2210693317313,226.83078002929688,36211800,0.0,0.0
2024-11-20 00:00:00-05:00,226.61216873586113,228.4702922716314,224.45594670445817,227.54620361328125,35169600,0.0,0.0
2024-11-21 00:00:00-05:00,227.42694424740614,228.69881686539628,224.27707103239013,227.06922912597656,42108300,0.0,0.0
2024-11-22 00:00:00-05:00,226.61216818417898,229.25528492407807,226.61216818417898,228.41067504882812,38168300,0.0,0.0
2024-11-25 00:00:00-05:00,229.99056458191066,231.76919395430343,228.28148292479264,231.3916015625,90152800,0.0,0.0
2024-11-26 00:00:00-05:00,231.8486905145537,234.07447518116308,231.8486905145537,233.5677032470703,45986200,0.0,0.0
2024-11-27 00:00:00-05:00,232.98145117337265,234.19370712659864,232.32563759305353,233.4385223388672,33498400,0.0,0.0
2024-11-29 00:00:00-05:00,233.31931239062584,236.3002669685808,232.48464874765904,235.8233184814453,28481400,0.0,0.0
2024-12-02 00:00:00-05:00,235.76372114031196,239.26136388188382,235.65441885701782,238.06898498535156,48137100,0.0,0.0
2024-12-03 00:00:00-05:00,238.28754591958514,241.2188145923816,237.38331948353385,241.10951232910156,38861000,0.0,0.0
2024-12-04 00:00:00-05:00,241.32814402991647,242.56027739454964,239.7184333911867,241.46725463867188,44383900,0.0,0.0
2024-12-05 00:00:00-05:00,242.44105143123323,242.98754766386446,240.59285890906452,241.4970703125,40033900,0.0,0.0
2024-12-06 00:00:00-05:00,241.36788746709487,243.0769692456264,240.5431549096241,241.29832458496094,36870600,0.0,0.0
2024-12-09 00:00:00-05:00,240.29473874492055,245.67039687977774,240.21524480725012,245.18350219726562,44649200,0.0,0.0
2024-12-10 00:00:00-05:00,245.32260336553807,246.63423054379348,243.78244060146582,246.197021484375,36914800,0.0,0.0
2024-12-11 00:00:00-05:00,246.3858398593606,249.20780656351602,244.69662013013263,244.9251708984375,45205800,0.0,0.0
2024-12-12 00:00:00-05:00,245.32261935264157,247.1608807008323,244.12029436088807,246.38583374023438,32777500,0.0,0.0
2024-12-13 00:00:00-05:00,246.24671899982582,247.70737273801882,244.67674782957272,246.55474853515625,33155300,0.0,0.0
2024-12-16 00:00:00-05:00,246.41563368868003,249.78411156803347,246.07778066556844,249.44625854492188,51694800,0.0,0.0
2024-12-17 00:00:00-05:00,248.49236434269267,252.21855739876366,248.19426586582333,251.8707733154297,51356400,0.0,0.0
2024-12-18 00:00:00-05:00,250.55917390522964,252.6657103008961,246.1672359539693,246.4752655029297,56774100,0.0,0.0
2024-12-19 00:00:00-05:00,245.92873792847348,250.400169527173,245.5213371883983,248.20419311523438,60882300,0.0,0.0
2024-12-20 00:00:00-05:00,246.4653249902114,253.3811464831127,244.13025293349912,252.8743896484375,147495300,0.0,0.0
2024-12-23 00:00:00-05:00,253.15260355822258,254.02700659111463,251.84097626600598,253.64942932128906,40858800,0.0,0.0
2024-12-24 00:00:00-05:00,253.86804957710976,256.5707679464462,253.6693071300515,256.56085205078125,23234700,0.0,0.0
2024-12-26 00:00:00-05:00,256.55086249805703,258.44874034869076,255.99442012888886,257.3755798339844,27237100,0.0,0.0
2024-12-27 00:00:00-05:00,256.19316170058187,257.05766400729357,251.45345479939442,253.96739196777344,42355300,0.0,0.0
2024-12-30 00:00:00-05:00,250.62873106361576,251.8906728018858,249.15813098648073,250.5989227294922,35557500,0.0,0.0
2024-12-31 00:00:00-05:00,250.83738041728796,251.6720440162376,247.84647977817443,248.8302001953125,39480700,0.0,0.0
2025-01-02 00:00:00-05:00,247.34966196417784,247.51859606258614,240.28481431614935,242.3019256591797,55740700,0.0,0.0
2025-01-03 00:00:00-05:00,241.81503295898438,242.62981931594805,240.3543640210219,241.81503295898438,40244100,0.0,0.0
2025-01-06 00:00:00-05:00,242.75900387005615,245.7598357483754,241.6560500607284,243.4446258544922,45045600,0.0,0.0
2025-01-07 00:00:00-05:00,241.43743349025635,243.99112508347835,239.81779188041267,240.67233276367188,40856000,0.0,0.0
2025-01-08 00:00:00-05:00,240.3841632667122,242.16280789951685,238.52603985831155,241.15921020507812,37628900,0.0,0.0
2025-01-10 00:00:00-05:00,238.48628640867517,238.63534322792128,231.52079498772144,235.3463592529297,61710900,0.0,0.0
2025-01-13 00:00:00-05:00,232.04743903723335,233.18020116738663,228.26162915914,232.9119110107422,49630700,0.0,0.0
2025-01-14 00:00:00-05:00,233.25971079858908,234.62100862534365,230.99418638589506,231.79904174804688,39435300,0.0,0.0
2025-01-15 00:00:00-05:00,233.1503884256181,237.4429702030776,232.94171493841435,236.35987854003906,39832000,0.0,0.0
2025-01-16 00:00:00-05:00,235.8431702260379,236.49896863913588,226.58233172867128,226.8108673095703,71759100,0.0,0.0
2025-01-17 00:00:00-05:00,230.6463874145182,230.8153063545454,227.02949646555186,228.5199737548828,68488300,0.0,0.0
2025-01-21 00:00:00-05:00,222.57792910461188,222.99526090225285,217.98726416864307,221.2265625,98070400,0.0,0.0
2025-01-22 00:00:00-05:00,218.39465138442915,222.6971640978084,218.39465138442915,222.4090118408203,64126500,0.0,0.0
2025-01-23 00:00:00-05:00,223.3132424800993,225.58869773276695,220.88873040600683,222.24009704589844,60234800,0.0,0.0
2025-01-24 00:00:00-05:00,223.35296445648333,224.19757422629087,220.00436403066544,221.36566162109375,54697900,0.0,0.0
2025-01-27 00:00:00-05:00,222.5978054024586,230.67618150163648,222.5580508531902,228.40072631835938,94863400,0.0,0.0
2025-01-28 00:00:00-05:00,229.3844597561093,238.66516132615985,229.3447052045828,236.74740600585938,75707600,0.0,0.0
2025-01-29 00:00:00-05:00,232.63369919180946,238.33726462451705,232.52439691334908,237.84043884277344,45486100,0.0,0.0
2025-01-30 00:00:00-05:00,237.1548105184623,239.26134692510684,235.7040877651042,236.0816650390625,55658300,0.0,0.0
2025-01-31 00:00:00-05:00,245.62071750771995,245.62071750771995,231.95800933839706,234.5017547607422,100959800,0.0,0.0
2025-02-03 00:00:00-05:00,228.52992572925916,230.35824094469035,224.2671520837408,226.56248474121094,73063300,0.0,0.0
2025-02-04 00:00:00-05:00,225.80732831191588,231.6500046289628,225.2111312813077,231.3220977783203,45067300,0.0,0.0
2025-02-05 00:00:00-05:00,227.0791817096477,231.19289841511937,226.82083777153602,230.99417114257812,39620300,0.0,0.0
2025-02-06 00:00:00-05:00,229.82163993606684,232.31571480889477,228.9670990724139,231.73939514160156,29925300,0.0,0.0
2025-02-07 00:00:00-05:00,231.1233398047693,232.51444580894437,225.81722939017394,226.1848907470703,39707200,0.0,0.0
2025-02-10 00:00:00-05:00,228.36339787721977,229.3780258753388,226.00584416726187,226.45347595214844,33115600,0.25,0.0
2025-02-11 00:00:00-05:00,227.000572314181,233.99362125199642,226.93094812871882,231.3973388671875,53718400,0.0,0.0
2025-02-12 00:00:00-05:00,229.98481838871234,235.71455375787428,229.4675472393098,235.62501525878906,45243300,0.0,0.0
2025-02-13 00:00:00-05:00,235.66481592241834,241.06626881430705,234.33186254170715,240.26052856445312,53614100,0.0,0.0
2025-02-14 00:00:00-05:00,239.981993568851,244.25939586817944,239.72336558929686,243.31439208984375,40896200,0.0,0.0
2025-02-18 00:00:00-05:00,242.86673323889264,243.89131830963376,240.56887710589865,243.18505859375,48822500,0.0,0.0
2025-02-19 00:00:00-05:00,243.37407429304395,244.716969605811,241.88195827091008,243.5829620361328,32204200,0.0,0.0
2025-02-20 00:00:00-05:00,243.6525813389452,245.4829065325138,243.00598867544505,244.53790283203125,32316900,0.0,0.0
2025-02-21 00:00:00-05:00,244.6572756706751,247.38287960480025,243.93111682470231,244.25938415527344,53197400,0.0,0.0
2025-02-24 00:00:00-05:00,243.64263125957103,247.551982922016,243.1353173033831,245.80123901367188,51326400,0.0,0.0
2025-02-25 00:00:00-05:00,246.69652285022872,248.68601093773057,243.62276739789988,245.74156188964844,48013300,0.0,0.0
2025-02-26 00:00:00-05:00,243.0457837458091,243.6923612222431,237.8731183985742,239.09664916992188,44433600,0.0,0.0
2025-02-27 00:00:00-05:00,238.15169082894494,241.18566339775504,235.8140361008641,236.0527801513672,41153600,0.0,0.0
2025-02-28 00:00:00-05:00,235.70459571566596,240.8175794410065,228.9900734891547,240.5688934326172,56833400,0.0,0.0
2025-03-03 00:00:00-05:00,240.51913191748446,242.7473638198223,234.8689935924468,236.77890014648438,47184000,0.0,0.0
2025-03-04 00:00:00-05:00,236.46059966619734,238.80819608105105,233.44651142335266,234.68994140625,53798100,0.0,0.0
2025-03-05 00:00:00-05:00,234.18262069274581,235.30668622205877,228.02515316620742,234.50094604492188,47227600,0.0,0.0
2025-03-06 00:00:00-05:00,233.20778757123546,236.60981025581015,231.93451645578955,234.09310913085938,45170400,0.0,0.0
2025-03-07 00:00:00-05:00,233.8742532807345,240.10134501237943,233.5260868229449,237.81344604492188,46273600,0.0,0.0
2025-03-10 00:00:00-04:00,234.30198127309518,234.91873283818802,223.041487749586,226.2843475341797,72071200,0.0,0.0
2025-03-11 00:00:00-04:00,222.63365113389432,224.65298022983382,216.30707871737093,219.67926025390625,76137400,0.0,0.0
2025-03-12 00:00:00-04:00,218.98296406915986,220.58450266635003,213.78045671174684,215.83956909179688,62547500,0.0,0.0
2025-03-13 00:00:00-04:00,214.81496040955514,215.70028194858565,207.3245394208188,208.57791137695312,61368300,0.0,0.0
2025-03-14 00:00:00-04:00,210.13965751241793,212.82546311709572,208.47843695256688,212.36788940429688,60107600,0.0,0.0
2025-03-17 00:00:00-04:00,212.18885305172668,214.08881784956162,208.86641153353526,212.87522888183594,48073400,0.0,0.0
2025-03-18 00:00:00-04:00,213.0343879953175,214.019174884069,210.3784232206469,211.57211303710938,42432400,0.0,0.0
2025-03-19 00:00:00-04:00,213.09407567170305,217.6102070663037,212.6265447449941,214.1087188720703,54385400,0.0,0.0
2025-03-20 00:00:00-04:00,212.86529372925065,216.34689805154306,211.1045924362575,212.97471618652344,48862900,0.0,0.0
2025-03-21 00:00:00-04:00,210.4480334492585,217.68976839110027,210.16950634984832,217.12277221679688,94127800,0.0,0.0
2025-03-24 00:00:00-04:00,219.83843988574125,220.31591279023903,217.43116105321957,219.56985473632812,44299500,0.0,0.0
2025-03-25 00:00:00-04:00,219.60962662242414,222.9221258053629,218.9232508666907,222.57395935058594,34493600,0.0,0.0
2025-03-26 00:00:00-04:00,222.3352199198642,223.83729303324841,219.31120492080973,220.36563110351562,34466100,0.0,0.0
2025-03-27 00:00:00-04:00,220.22636977863218,223.80745418869535,219.40073045135125,222.67344665527344,37094800,0.0,0.0
2025-03-28 00:00:00-04:00,220.504904155295,222.6336557419088,216.5358700680628,216.7547149658203,39818600,0.0,0.0
2025-03-31 00:00:00-04:00,215.86937928840504,224.4341253115235,215.09348022110552,220.9624786376953,65299300,0.0,0.0
2025-04-01 00:00:00-04:00,218.65466729819107,222.5043215641154,217.74944665223015,222.01690673828125,36412700,0.0,0.0
2025-04-02 00:00:00-04:00,220.15674221426906,224.0063965120705,219.85831598824518,222.71322631835938,35905900,0.0,0.0
2025-04-03 00:00:00-04:00,204.4596791341039,206.39944211542388,200.19223396809613,202.12203979492188,103419000,0.0,0.0
2025-04-04 00:00:00-04:00,192.87091122900438,198.82943318150367,186.3553350717911,187.38987731933594,125910900,0.0,0.0
2025-04-07 00:00:00-04:00,176.26863687444822,193.12954493623218,173.70219548773406,180.50625610351562,160466300,0.0,0.0
2025-04-08 00:00:00-04:00,185.71870692843436,189.33957458197378,168.32064359895526,171.51376342773438,120859500,0.0,0.0
2025-04-09 00:00:00-04:00,171.04621878540135,199.55558397169528,170.9865365771085,197.80484008789062,184395900,0.0,0.0
2025-04-10 00:00:00-04:00,188.07624843340898,193.7562279640405,182.03814529024513,189.4191436767578,121880000,0.0,0.0
2025-04-11 00:00:00-04:00,185.12186726950821,198.49121408156802,185.0820690088969,197.1085205078125,87435900,0.0,0.0
2025-04-14 00:00:00-04:00,210.32866545443895,211.82078139531484,200.10269875392328,201.45555114746094,101352900,0.0,0.0
2025-04-15 00:00:00-04:00,200.7990180691496,202.44033954558066,198.74984792281177,201.07754516601562,51343900,0.0,0.0
2025-04-16 00:00:00-04:00,197.31741584829123,199.64511311117855,191.35889396287376,193.24891662597656,59732400,0.0,0.0
2025-04-17 00:00:00-04:00,196.16351652823,197.78495412822454,193.39812938355274,195.94467163085938,52164700,0.0,0.0
2025-04-21 00:00:00-04:00,192.25418258208256,192.78139570274652,188.8123615658979,192.14476013183594,46742500,0.0,0.0
2025-04-22 00:00:00-04:00,195.08918671811182,200.53043756485187,194.93998119085117,198.69017028808594,52976400,0.0,0.0
2025-04-23 00:00:00-04:00,204.9172785719325,206.9067667134076,201.7341005812904,203.52464294433594,52929200,0.0,0.0
2025-04-24 00:00:00-04:00,203.81309077731203,207.73238443559362,201.87334307751462,207.27479553222656,47311000,0.0,0.0
2025-04-25 00:00:00-04:00,205.28531450927932,208.6475540878433,205.1162098506388,208.18002319335938,38222300,0.0,0.0
2025-04-28 00:00:00-04:00,208.8962283982374,210.38834431536768,206.36958545714222,209.03549194335938,38743100,0.0,0.0
2025-04-29 00:00:00-04:00,207.59312493762445,211.12446912484504,207.27479957627347,210.09988403320312,36827600,0.0,0.0
2025-04-30 00:00:00-04:00,208.19992461631293,212.4574277707069,205.5837430092506,211.3831024169922,52286500,0.0,0.0
2025-05-01 00:00:00-04:00,207.98108655162656,213.43227966302132,207.80202473083082,212.1988067626953,57365700,0.0,0.0
2025-05-02 00:00:00-04:00,205.0067917796952,205.9020705063368,201.09745506032002,204.27069091796875,101010600,0.0,0.0
2025-05-05 00:00:00-04:00,202.03251395918386,203.02725796650907,197.1682163705072,197.84463500976562,69018500,0.0,0.0
2025-05-06 00:00:00-04:00,197.1682179665783,199.59538061408486,195.98447015970467,197.4666290283203,51216500,0.0,0.0
2025-05-07 00:00:00-04:00,198.1231564563361,198.39174158064424,192.23427392267118,195.218505859375,68536700,0.0,0.0
2025-05-08 00:00:00-04:00,196.6807674405125,198.99852257626176,193.65673744886013,196.4519805908203,50478900,0.0,0.0
2025-05-09 00:00:00-04:00,197.95405738682032,199.48595647897335,196.50172445806652,197.4865264892578,36453900,0.0,0.0
2025-05-12 00:00:00-04:00,210.13632786154514,210.43514541512562,205.9330024837247,209.95703125,63775800,0.26,0.0
2025-05-13 00:00:00-04:00,209.59845628513955,212.55672123163643,208.17411437678524,212.0885772705078,51909300,0.0,0.0
2025-05-14 00:00:00-04:00,211.5905625216416,213.09460539099953,209.7478820292828,211.490966796875,49325800,0.0,0.0
2025-05-15 00:00:00-04:00,210.11641669484823,212.11848379882832,208.71198473801002,210.61444091796875,45029500,0.0,0.0
2025-05-16 00:00:00-04:00,211.52086084946143,211.73003772257164,208.94109887256835,210.42520141601562,54737900,0.0,0.0
2025-05-19 00:00:00-04:00,207.0884445111699,208.65223273202483,203.45285841572866,207.9550018310547,46140500,0.0,0.0
2025-05-20 00:00:00-04:00,206.84938410987283,207.64622592622177,204.2198167548668,206.04258728027344,42496600,0.0,0.0
2025-05-21 00:00:00-04:00,204.3592586621154,206.22186440009241,199.91689108628387,201.2914276123047,59211800,0.0,0.0
2025-05-22 00:00:00-04:00,199.91689038506837,201.94882252859867,198.91087172706415,200.56431579589844,46742400,0.0,0.0
2025-05-23 00:00:00-04:00,192.90468385583864,196.91875752656549,192.69552221161257,194.4983673095703,78432900,0.0,0.0
2025-05-27 00:00:00-04:00,197.51639769762102,199.94675818770216,196.64982526808055,199.41885375976562,56288500,0.0,0.0
2025-05-28 00:00:00-04:00,199.79736291846774,201.9289060786693,199.11008702875665,199.62803649902344,45339700,0.0,0.0
2025-05-29 00:00:00-04:00,202.77554227533128,203.0046291598645,197.72556941325453,199.15988159179688,51396800,0.0,0.0
2025-05-30 00:00:00-04:00,198.5821728136608,201.1619498266407,196.00241099917397,200.05633544921875,70819900,0.0,0.0
2025-06-02 00:00:00-04:00,199.4885975362889,201.3312933884623,199.3292261245183,200.90298461914062,35423300,0.0,0.0
2025-06-03 00:00:00-04:00,200.55435521702816,202.9647905668523,200.16589694161215,202.46676635742188,46381600,0.0,0.0
2025-06-04 00:00:00-04:00,202.10821066626008,205.42505409163678,201.30141378953226,202.01856994628906,43604000,0.0,0.0
2025-06-05 00:00:00-04:00,202.69585814733983,203.94091870107042,199.35908978394463,199.8372039794922,55126100,0.0,0.0
2025-06-06 00:00:00-04:00,202.19783403313102,204.8871617909174,201.2515910514923,203.11419677734375,46607700,0.0,0.0
2025-06-09 00:00:00-04:00,203.58233063284266,205.18596915505242,199.22960401477,200.65394592285156,72862600,0.0,0.0
2025-06-10 00:00:00-04:00,199.8073282051838,203.54250994980842,199.77744796710627,201.869140625,54672600,0.0,0.0
2025-06-11 00:00:00-04:00,202.6958722895077,203.69192080198684,197.62598900862739,197.99452209472656,60989900,0.0,0.0
2025-06-12 00:00:00-04:00,198.29332085025015,198.8909407818671,196.58011635566137,198.412841796875,43904600,0.0,0.0
2025-06-13 00:00:00-04:00,198.94075911963023,199.57822954037988,194.92668495173118,195.67372131347656,51447300,0.0,0.0
2025-06-16 00:00:00-04:00,196.52035592822918,197.90486262143017,195.78327462738756,197.63592529296875,43020700,0.0,0.0
2025-06-17 00:00:00-04:00,196.4207613301707,197.6060614779548,194.43863454049264,194.86692810058594,38856200,0.0,0.0
2025-06-18 00:00:00-04:00,195.16573699325735,196.7893008408277,194.2991796996429,195.80320739746094,45394700,0.0,0.0
2025-06-20 00:00:00-04:00,197.45666110928434,200.90298042554332,196.08210930882012,200.20574951171875,96813500,0.0,0.0
2025-06-23 00:00:00-04:00,200.83325703321927,201.50060768152076,198.17380945321412,200.70376586914062,55814300,0.0,0.0
2025-06-24 00:00:00-04:00,201.78945874554142,202.63610603642124,199.4089034764897,199.50851440429688,54064000,0.0,0.0
2025-06-25 00:00:00-04:00,200.65395335177794,202.8651820841085,199.82723133036671,200.76351928710938,39525700,0.0,0.0
2025-06-26 00:00:00-04:00,200.63404307360597,201.8392684520338,198.67184150130464,200.20574951171875,50799100,0.0,0.0
2025-06-27 00:00:00-04:00,201.09222774816857,202.41697405518968,199.20969672208463,200.28543090820312,73188600,0.0,0.0
2025-06-30 00:00:00-04:00,201.211736268348,206.57048164253425,198.4726031076903,204.3592529296875,91912800,0.0,0.0
2025-07-01 00:00:00-04:00,205.85332972802502,209.35942450018746,205.3254252695324,206.99879455566406,78788900,0.0,0.0
2025-07-02 00:00:00-04:00,208.08449026524102,212.49697770796604,207.31752868499885,211.6005401611328,67941800,0.0,0.0
2025-07-03 00:00:00-04:00,211.31168447150716,213.80180573654258,210.97303162710094,212.70616149902344,34955800,0.0,0.0
2025-07-07 00:00:00-04:00,211.8396001551979,215.37557557805084,207.9749420826709,209.12039184570312,50229000,0.0,0.0
2025-07-08 00:00:00-04:00,209.26978591644843,210.59451698338924,207.6262968509882,209.1801300048828,42848900,0.0,0.0
2025-07-09 00:00:00-04:00,208.70202548866368,210.49491569520316,206.40115605631001,210.3056640625,48749400,0.0,0.0
2025-07-10 00:00:00-04:00,209.67816220166208,212.63642743345136,209.2000631819418,211.57066345214844,44443600,0.0,0.0
2025-07-11 00:00:00-04:00,209.73794232575938,211.29177557167307,209.03074119537857,210.3256072998047,39765800,0.0,0.0
2025-07-14 00:00:00-04:00,209.10044482334126,210.07658325197187,206.71988962428105,207.79562377929688,38840100,0.0,0.0
2025-07-15 00:00:00-04:00,208.39327261019983,211.05272033528996,208.09445501444372,208.28370666503906,42296300,0.0,0.0
2025-07-16 00:00:00-04:00,209.4689902412225,211.5606828488181,207.8155461810567,209.3295440673828,47490500,0.0,0.0
2025-07-17 00:00:00-04:00,209.7379236663323,210.96305897069354,208.761785269157,209.19009399414062,48068100,0.0,0.0
2025-07-18 00:00:00-04:00,210.0367321724359,210.95309492429405,208.87135730762196,210.3455047607422,48974600,0.0,0.0
2025-07-21 00:00:00-04:00,211.2618775331451,214.92732845073886,210.7937335563828,211.64036560058594,51377400,0.0,0.0
2025-07-22 00:00:00-04:00,212.29776458434165,214.1006098348481,211.39135685335447,213.5527801513672,46404100,0.0,0.0
2025-07-23 00:00:00-04:00,214.15043456376964,214.29983576430007,211.5706725113145,213.3037872314453,46989300,0.0,0.0
2025-07-24 00:00:00-04:00,213.05475989741393,214.83769515517375,212.68622683006964,212.91531372070312,46022600,0.0,0.0
2025-07-25 00:00:00-04:00,213.85160291428238,214.38947759784276,212.5567368669443,213.03485107421875,40268800,0.0,0.0
2025-07-28 00:00:00-04:00,213.18425263148458,214.00101967144602,212.2180844005514,213.2041778564453,37858000,0.0,0.0
2025-07-29 00:00:00-04:00,213.33365491441555,213.96117031669576,209.9869466315705,210.43516540527344,51411700,0.0,0.0
2025-07-30 00:00:00-04:00,211.06265157316113,211.55072076453234,206.89917652304968,208.2239227294922,45512500,0.0,0.0
2025-07-31 00:00:00-04:00,207.66614913739534,209.01080544085684,206.3414028602417,206.74978637695312,80698400,0.0,0.0
2025-08-01 00:00:00-04:00,210.03674932642843,212.7360475386617,200.7037794341265,201.58030700683594,104434500,0.0,0.0
2025-08-04 00:00:00-04:00,203.70185234439666,207.05854577965718,200.88303355505576,202.54644775390625,75109300,0.0,0.0
2025-08-05 00:00:00-04:00,202.59624780213056,204.52858421879685,201.36115745633876,202.11814880371094,44155100,0.0,0.0
2025-08-06 00:00:00-04:00,204.81746371165528,214.5289368613384,204.77761325937152,212.4073486328125,108483100,0.0,0.0
2025-08-07 00:00:00-04:00,218.01508808955717,219.97730473834642,215.7241736307253,219.16053771972656,90224800,0.0,0.0
2025-08-08 00:00:00-04:00,219.95740294972967,230.08721487155407,218.38364441813084,228.44374084472656,113854000,0.0,0.0
2025-08-11 00:00:00-04:00,227.27701087414155,228.91238364576833,224.12592192869855,226.53909301757812,61806100,0.26,0.0
2025-08-12 00:00:00-04:00,227.36674823663387,230.14888579943394,226.429412881848,229.0021209716797,55626200,0.0,0.0
2025-08-13 00:00:00-04:00,230.4181341091737,234.33703985510917,229.77992501054072,232.6717529296875,69878500,0.0,0.0
2025-08-14 00:00:00-04:00,233.39969406647393,234.4567012802976,230.19875827485632,232.12330627441406,51916300,0.0,0.0
2025-08-15 00:00:00-04:00,233.33988101583648,233.61908991261305,228.6930233233153,230.93667602539062,56038700,0.0,0.0
2025-08-18 00:00:00-04:00,231.04634466466607,232.46233685580373,229.46083388892833,230.23863220214844,37476200,0.0,0.0
2025-08-19 00:00:00-04:00,230.6275464777077,232.21305735738468,228.70299840660482,229.90957641601562,39402600,0.0,0.0
2025-08-20 00:00:00-04:00,229.33119207499826,229.81981519856654,225.13307755654054,225.3723907470703,42263900,0.0,0.0
2025-08-21 00:00:00-04:00,225.63166356522294,225.88095827873425,223.14868274098328,224.26551818847656,30621200,0.0,0.0
2025-08-22 00:00:00-04:00,225.53195134940427,228.44371192910324,224.77410085849388,227.11746215820312,42477800,0.0,0.0
2025-08-25 00:00:00-04:00,225.84107546750252,228.65312729963858,225.59178073979155,226.5191650390625,30983100,0.0,0.0
2025-08-26 00:00:00-04:00,226.22996704217394,228.84258604761433,224.05612439304167,228.6630859375,54575100,0.0,0.0
2025-08-27 00:00:00-04:00,227.96506627689797,230.24859923631865,227.6160475796746,229.8397674560547,31259500,0.0,0.0
2025-08-28 00:00:00-04:00,230.16883391080088,232.7515235304584,228.692998228932,231.90391540527344,38074700,0.0,0.0
2025-08-29 00:00:00-04:00,231.85405874294378,232.7216147258446,230.71727541448905,231.485107421875,39418400,0.0,0.0
2025-09-02 00:00:00-04:00,228.60325464814514,230.19874691737337,226.3296880547272,229.07192993164062,44075600,0.0,0.0
2025-09-03 00:00:00-04:00,236.54080133953738,238.1761740423919,233.69883553511272,237.7972412109375,66427800,0.0,0.0
2025-09-04 00:00:00-04:00,237.77729643117493,239.2232027368954,236.0721290991865,239.10354614257812,47549400,0.0,0.0
2025-09-05 00:00:00-04:00,239.3229322237051,240.63921565449175,237.8171975861315,239.01380920410156,54870400,0.0,0.0
2025-09-08 00:00:00-04:00,238.62491556233425,239.47250850410185,235.6732593017711,237.20892333984375,48999500,0.0,0.0
2025-09-09 00:00:00-04:00,236.33140663047269,238.10638391026913,232.70167593051625,233.6888885498047,66313900,0.0,0.0
2025-09-10 00:00:00-04:00,231.53496736029473,231.76431424305812,225.31256565050364,226.1501922607422,83440800,0.0,0.0
2025-09-11 00:00:00-04:00,226.23995033725743,229.7998710451417,226.010588238333,229.3810577392578,50208600,0.0,0.0
2025-09-12 00:00:00-04:00,228.5733443098202,233.84841389514688,228.3739115767776,233.40966796875,55824200,0.0,0.0
2025-09-15 00:00:00-04:00,236.33139853346725,237.5180438551372,234.36695488957946,236.03224182128906,42699500,0.0,0.0
2025-09-16 00:00:00-04:00,236.51088466190768,240.53949594661788,235.65332541334,237.4781494140625,63421100,0.0,0.0
2025-09-17 00:00:00-04:00,238.2958480596019,239.42266510979977,237.05934071942244,238.3157958984375,46508000,0.0,0.0
2025-09-18 00:00:00-04:00,239.29302360434258,240.51954939992544,235.98238232851827,237.20892333984375,44249600,0.0,0.0
2025-09-19 00:00:00-04:00,240.54944568604057,245.60514967420656,239.53233423145286,244.80740356445312,163741300,0.0,0.0
2025-09-22 00:00:00-04:00,247.5995237986898,255.9160073848096,247.42002368458668,255.35755920410156,105517400,0.0,0.0
2025-09-23 00:00:00-04:00,255.15815615601056,256.6140289111009,252.86464151383097,253.7122344970703,60275200,0.0,0.0
2025-09-24 00:00:00-04:00,254.49999981420794,255.01853710208397,250.33178410429736,251.59820556640625,42303700,0.0,0.0
2025-09-25 00:00:00-04:00,252.4956917858775,256.44452717224715,250.99992334214926,256.1453552246094,55202100,0.0,0.0
2025-09-26 00:00:00-04:00,253.38315498635407,256.87328100426123,253.06405044687503,254.73931884765625,46076300,0.0,0.0
2025-09-29 00:00:00-04:00,253.8418726304012,254.28063380560434,252.29624220529692,253.7122344970703,40127700,0.0,0.0
2025-09-30 00:00:00-04:00,254.1410137555297,255.1980209495745,252.39595068950493,253.9116668701172,37704300,0.0,0.0
2025-10-01 00:00:00-04:00,254.32049261064776,258.0599285933123,254.21080232618834,254.72933959960938,48713900,0.0,0.0
2025-10-02 00:00:00-04:00,255.85613542550084,257.45162766856953,253.43299812845933,256.40460205078125,42630200,0.0,0.0
2025-10-03 00:00:00-04:00,253.9515436206674,258.5086431914624,253.23357360959045,257.2920837402344,49155600,0.0,0.0
2025-10-06 00:00:00-04:00,257.2621712100349,258.3391414491699,254.33047806472084,255.96585083007812,44664100,0.0,0.0
2025-10-07 00:00:00-04:00,256.08552539236376,256.67385732493904,254.7094135633123,255.7564697265625,31955800,0.0,0.0
2025-10-08 00:00:00-04:00,255.7963062732735,257.7906639625656,255.3874592951906,257.33197021484375,36496900,0.0,0.0
2025-10-09 00:00:00-04:00,257.08267167133846,257.27213808351553,252.42584836214985,253.32330322265625,38322000,0.0,0.0
2025-10-10 00:00:00-04:00,254.2207817432353,255.6567217403356,243.3116425485481,244.57806396484375,61999100,0.0,0.0
2025-10-13 00:00:00-04:00,248.6764678182016,248.98559082884384,244.86723728717817,246.96131896972656,38142900,0.0,0.0
2025-10-14 00:00:00-04:00,245.90431694508948,248.14796941642882,244.00966795095763,247.07101440429688,35478000,0.0,0.0
2025-10-15 00:00:00-04:00,248.78616738422895,251.10959602979932,246.77186176083558,248.63658142089844,33893600,0.0,0.0
2025-10-16 00:00:00-04:00,247.54966879270205,248.33743345063007,244.43847540742667,246.75192260742188,39777000,0.0,0.0
2025-10-17 00:00:00-04:00,247.32031930793073,252.66519891282977,246.57243512001992,251.57826232910156,49147000,0.0,0.0
2025-10-20 00:00:00-04:00,255.16807648712648,263.6341297765207,254.90881548292631,261.5001525878906,90483000,0.0,0.0
2025-10-21 00:00:00-04:00,261.141213133835,264.5415968076956,261.0913359303388,262.0286865234375,46695900,0.0,0.0
2025-10-22 00:00:00-04:00,261.9090191460537,262.1084670888602,254.70938662410154,257.72088623046875,45015300,0.0,0.0
2025-10-23 00:00:00-04:00,259.20671755765045,259.88479198943105,257.2821693476752,258.84771728515625,32754900,0.0,0.0
2025-10-24 00:00:00-04:00,260.4531458541269,263.3848541030092,258.44880663072195,262.07855224609375,38253700,0.0,0.0
2025-10-27 00:00:00-04:00,264.13273028939324,268.3607587413759,263.9033682058253,268.0516357421875,44888200,0.0,0.0
2025-10-28 00:00:00-04:00,268.23110734142335,269.12859257872884,267.39348082722177,268.2410888671875,41534800,0.0,0.0
2025-10-29 00:00:00-04:00,268.5203194424725,270.6443152614699,266.35642794866993,268.93914794921875,51086700,0.0,0.0
2025-10-30 00:00:00-04:00,271.2226702585742,273.36662916750566,267.72259312931254,270.63433837890625,69886500,0.0,0.0
2025-10-31 00:00:00-04:00,276.2085578376442,276.53764389728985,268.4006608909581,269.60723876953125,86167100,0.0,0.0
2025-11-03 00:00:00-05:00,269.6571458353552,270.08592548154905,265.4988962118729,268.2909851074219,50194600,0.0,0.0
2025-11-04 00:00:00-05:00,267.5730004152706,270.72408938596277,266.86501191822913,269.2781982421875,49274800,0.0,0.0
2025-11-05 00:00:00-05:00,267.8521863717013,270.93349568379296,266.17693326929896,269.3778991699219,43683100,0.0,0.0
2025-11-06 00:00:00-05:00,267.1342708755924,272.6287059365568,267.1342708755924,269.0089416503906,51204000,0.0,0.0
2025-11-07 00:00:00-05:00,269.03885049148494,271.5218466038475,266.0173996929098,267.7126159667969,48227400,0.0,0.0
2025-11-10 00:00:00-05:00,268.46119877683986,273.2223721938244,266.9639805623884,268.9303283691406,41312400,0.26,0.0
2025-11-11 00:00:00-05:00,269.3096487524697,275.3983427074405,269.2996575494418,274.73956298828125,46208300,0.0,0.0
2025-11-12 00:00:00-05:00,274.49005224267427,275.2187095291286,271.19618380015726,272.962890625,48398000,0.0,0.0
2025-11-13 00:00:00-05:00,273.6016390736082,276.1868626363035,271.58539619817094,272.4438171386719,49602800,0.0,0.0
2025-11-14 00:00:00-05:00,270.5473523374902,275.4482508823214,269.10005949599775,271.90484619140625,47431300,0.0,0.0
2025-11-17 00:00:00-05:00,268.3214829895084,269.98836893107386,265.237217022597,266.9639892578125,45018300,0.0,0.0
2025-11-18 00:00:00-05:00,269.48928956232544,270.20795552947055,264.8279672087311,266.94403076171875,45677300,0.0,0.0
2025-11-19 00:00:00-05:00,265.0376012369211,271.70520656667077,265.0076580872151,268.0619812011719,40424500,0.0,0.0
2025-11-20 00:00:00-05:00,270.327749378444,274.91922505965954,265.42688147061517,265.7562561035156,45823600,0.0,0.0
2025-11-21 00:00:00-05:00,265.4568071090486,272.8230952896135,265.17732758833057,270.98651123046875,59030800,0.0,0.0
2025-11-24 00:00:00-05:00,270.397645153795,276.48633959077114,270.397645153795,275.4083557128906,65585800,0.0,0.0
2025-11-25 00:00:00-05:00,274.75950033189645,279.8600396675645,274.7395483878858,276.45635986328125,46914200,0.0,0.0
2025-11-26 00:00:00-05:00,276.4464065684995,279.0116481613461,276.11703191175064,277.0353088378906,33431400,0.0,0.0
2025-11-28 00:00:00-05:00,276.7458380127342,278.4826014787427,275.4781737009374,278.3328857421875,20135600,0.0,0.0
2025-12-01 00:00:00-05:00,277.4944549964911,282.89442609469603,275.62792768573877,282.57501220703125,46587700,0.0,0.0
2025-12-02 00:00:00-05:00,282.47518456741903,286.86701880065203,282.10587559562896,285.6592712402344,53669500,0.0,0.0
2025-12-03 00:00:00-05:00,285.6692634925469,288.0847586222564,282.77461708045536,283.623046875,43538700,0.0,0.0
2025-12-04 00:00:00-05:00,283.5731318378766,284.20196835267484,278.07334059490756,280.179443359375,43989100,0.0,0.0
2025-12-05 00:00:00-05:00,280.01974631085085,280.6186397013617,277.53434330937836,278.26300048828125,47265800,0.0,0.0
2025-12-08 00:00:00-05:00,277.6142094762677,279.15136205700173,275.6378704438954,277.3746643066406,38211800,0.0,0.0
2025-12-09 00:00:00-05:00,277.6441787437343,279.5107061083118,276.4064879695729,276.6659851074219,32193300,0.0,0.0
2025-12-10 00:00:00-05:00,277.23491184461454,279.2312028389952,275.92734368017386,278.26300048828125,33038300,0.0,0.0
2025-12-11 00:00:00-05:00,278.5824273392719,279.07150890817053,273.3022288840155,277.514404296875,33248000,0.0,0.0
2025-12-12 00:00:00-05:00,277.38461586894516,278.70217518025987,276.30663218031253,277.763916015625,39532900,0.0,0.0
2025-12-15 00:00:00-05:00,279.63046152672615,279.63046152672615,272.33402020742307,273.6016540527344,50409100,0.0,0.0
2025-12-16 00:00:00-05:00,272.3140798989353,274.9891026980292,271.2859911871425,274.1007385253906,37648600,0.0,0.0
2025-12-17 00:00:00-05:00,274.50001118897205,275.6478724530811,271.13626563598973,271.33587646484375,50138700,0.0,0.0
2025-12-18 00:00:00-05:00,273.1025913325419,273.12257373871984,266.4549687260805,271.68524169921875,51630700,0.0,0.0
2025-12-19 00:00:00-05:00,271.6453053723066,274.09077415448866,269.399477884542,273.1625061035156,144632000,0.0,0.0
2025-12-22 00:00:00-05:00,272.3539780142796,273.37210596231955,270.00836035897595,270.4674987792969,36571800,0.0,0.0
2025-12-23 00:00:00-05:00,270.3377490962612,271.99467443806464,269.06012395403746,271.85491943359375,29642000,0.0,0.0
2025-12-24 00:00:00-05:00,271.8349404799371,274.9192064044749,271.69521595033444,273.3022155761719,17910600,0.0,0.0
2025-12-26 00:00:00-05:00,273.65160578690546,274.8593534534055,272.35399820928086,272.89300537109375,21521800,0.0,0.0
2025-12-29 00:00:00-05:00,272.1843267483383,273.8512128461511,271.8449608988494,273.2523498535156,23715200,0.0,0.0
2025-12-30 00:00:00-05:00,272.30405905646904,273.57169281796894,271.77504318392386,272.57354736328125,22139600,0.0,0.0
2025-12-31 00:00:00-05:00,272.553621806917,273.17246717497864,271.24605357156486,271.3558349609375,27293600,0.0,0.0
2026-01-02 00:00:00-05:00,271.7551282774649,277.32476727085935,268.5011639041959,270.5074462890625,37838100,0.0,0.0
2026-01-05 00:00:00-05:00,270.1381413175191,271.00652312062255,265.64648609237463,266.764404296875,45647200,0.0,0.0
2026-01-06 00:00:00-05:00,266.5048844877732,267.05385240251036,261.63392891626114,261.87347412109375,52352100,0.0,0.0
2026-01-07 00:00:00-05:00,262.7119324450406,263.1910228349833,259.3282042611396,259.84722900390625,48309800,0.0,0.0
2026-01-08 00:00:00-05:00,256.5433578451618,258.80916773471864,255.22581364132833,258.55963134765625,50419300,0.0,0.0
2026-01-09 00:00:00-05:00,258.5995368285105,259.7274461787287,255.74485516422806,258.8890075683594,39997000,0.0,0.0
2026-01-12 00:00:00-05:00,258.679389570116,260.81540508500296,256.32375036738995,259.7673645019531,45263800,0.0,0.0
2026-01-13 00:00:00-05:00,258.24022168851656,261.3244878277737,257.9108470550362,260.5658874511719,45730800,0.0,0.0
2026-01-14 00:00:00-05:00,259.0087756526009,261.33447181199796,256.23393227813756,259.4779052734375,40019400,0.0,0.0
2026-01-15 00:00:00-05:00,260.16664839115424,260.55593980217856,256.57331808587395,257.7311706542969,39388600,0.0,0.0
2026-01-16 00:00:00-05:00,257.4217218192236,258.41986733264514,254.4572284259222,255.05612182617188,72142800,0.0,0.0
2026-01-20 00:00:00-05:00,252.26132447540706,254.31750190322293,242.9685916985444,246.2425079345703,80267500,0.0,0.0
2026-01-21 00:00:00-05:00,248.23880604127606,251.09350304772093,244.72532928784554,247.1907501220703,54641700,0.0,0.0
2026-01-22 00:00:00-05:00,248.737864640942,250.53452965267718,247.68980878155546,247.8894500732422,39708300,0.0,0.0
2026-01-23 00:00:00-05:00,246.86136630134166,248.94748685874615,244.22624741136653,247.58001708984375,41689000,0.0,0.0
2026-01-26 00:00:00-05:00,251.01365072947274,256.08423219515316,249.33677343540953,254.93637084960938,55969200,0.0,0.0
2026-01-27 00:00:00-05:00,258.6894015269614,261.4642450011371,257.73115984508394,257.7910461425781,49648300,0.0,0.0
2026-01-28 00:00:00-05:00,257.1721946066941,258.3799421919039,254.03801819206552,255.96444702148438,41288000,0.0,0.0
2026-01-29 00:00:00-05:00,257.52154586161765,259.16847988830324,253.93820707645818,257.801025390625,67253000,0.0,0.0
2026-01-30 00:00:00-05:00,254.6968198516284,261.4143357105436,251.71235892004358,258.99884033203125,92443400,0.0,0.0
2026-02-02 00:00:00-05:00,259.5477742456141,269.98836769074944,258.72928762151224,269.50927734375,73913400,0.0,0.0
2026-02-03 00:00:00-05:00,268.70080609664296,271.3758289780004,267.11372779647115,268.98028564453125,64394700,0.0,0.0
2026-02-04 00:00:00-05:00,271.7850411492978,278.432693698261,271.7850411492978,275.97723388671875,90545700,0.0,0.0
2026-02-05 00:00:00-05:00,277.6142303156022,278.98168486317746,272.72332314901723,275.3983459472656,52977400,0.0,0.0
2026-02-06 00:00:00-05:00,276.6060720438839,280.3890519626743,276.4164219647768,277.6042175292969,50453400,0.0,0.0
2026-02-09 00:00:00-05:00,277.6541982366954,277.9439398399519,271.4499228389202,274.3672180175781,44623400,0.26,0.0
2026-02-10 00:00:00-05:00,274.6369782150198,275.11651686144285,272.68876099546605,273.4280700683594,34376900,0.0,0.0
2026-02-11 00:00:00-05:00,274.44714753122867,279.92208361183503,274.1973776592452,275.24639892578125,51931300,0.0,0.0
2026-02-12 00:00:00-05:00,275.3363333447182,275.46621856633783,259.94051360693726,261.4891052246094,81077200,0.0,0.0
2026-02-13 00:00:00-05:00,261.7688319830923,261.9886306947134,255.21485759663088,255.5445556640625,56290700,0.0,0.0
2026-02-17 00:00:00-05:00,257.8124646511843,266.0449008431299,255.30478047881587,263.6371154785156,58469100,0.0,0.0
2026-02-18 00:00:00-05:00,263.35737977838915,266.57441720150126,262.20844437502524,264.106689453125,34203300,0.0,0.0
2026-02-19 00:00:00-05:00,262.35827847824623,264.2365527856389,259.81060750150084,260.3401184082031,30845300,0.0,0.0
2026-02-20 00:00:00-05:00,258.73163460792017,264.5063132392292,257.9223826043077,264.3364562988281,42070500,0.0,0.0
2026-02-23 00:00:00-05:00,263.24744081710827,269.1819753311392,263.13755670993424,265.9349670410156,37308200,0.0,0.0
2026-02-24 00:00:00-05:00,267.61343657617186,274.6369951599546,267.46358073991865,271.8895263671875,47014600,0.0,0.0
2026-02-25 00:00:00-05:00,271.5298429675081,274.6869380517792,270.8005039088116,273.97760009765625,33714300,0.0,0.0
2026-02-26 00:00:00-05:00,274.6969199809464,275.8558253670768,270.55071567552415,272.6987609863281,32345100,0.0,0.0
2026-02-27 00:00:00-05:00,272.5588900215503,272.5588900215503,262.6480379442022,263.93682861328125,72366500,0.0,0.0
2026-03-02 00:00:00-05:00,262.16844722421786,266.2846497598317,259.960490133898,264.476318359375,41827900,0.0,0.0
2026-03-03 00:00:00-05:00,263.23749216234586,265.31556422164516,259.8905695547566,263.5072326660156,38568900,0.0,0.0
2026-03-04 00:00:00-05:00,264.4063951364299,265.9050144519466,261.179387723623,262.2783508300781,39803100,0.0,0.0
2026-03-05 00:00:00-05:00,260.54995479568396,261.3192350446657,257.01320478174756,260.0504150390625,49658600,0.0,0.0
2026-03-06 00:00:00-05:00,258.39192833924307,258.53178361058343,254.13584003818684,257.2229919433594,41120000,0.0,0.0
2026-03-09 00:00:00-04:00,255.45463216869055,260.9095975388004,253.44647267699952,259.6407775878906,38218500,0.0,0.0
2026-03-10 00:00:00-04:00,257.4128391437035,262.2384104290217,256.71350175461305,260.58990478515625,30590800,0.0,0.0
2026-03-11 00:00:00-04:00,260.8496568052655,261.888707997661,259.3110658747261,260.5699157714844,26218900,0.0,0.0
2026-03-12 00:00:00-04:00,258.4219063383753,258.71164792954545,253.94601921584928,255.52456665039062,40794000,0.0,0.0
2026-03-13 00:00:00-04:00,255.24483747003174,256.0940459350445,249.29033192864068,249.8897705078125,36930000,0.0,0.0
2026-03-16 00:00:00-04:00,251.87794235419486,253.6563027081548,249.6499992581203,252.58729553222656,32074200,0.0,0.0
2026-03-17 00:00:00-04:00,252.72716690012706,254.89516767044782,251.94787083452104,253.99598693847656,32361600,0.0,0.0
2026-03-18 00:00:00-04:00,252.3974721128864,254.70534343896443,248.7708084606242,249.70994567871094,35757900,0.0,0.0
2026-03-19 00:00:00-04:00,249.17043241392184,251.5982036354298,247.0723745163624,248.73085021972656,34864100,0.0,0.0
2026-03-20 00:00:00-04:00,247.7517334570195,248.97061168291066,245.77356028907465,247.76173400878906,88331100,0.0,0.0
2026-03-23 00:00:00-04:00,253.73622734962268,254.3656523266213,250.0496214753341,251.25851440429688,40546100,0.0,0.0
2026-03-24 00:00:00-04:00,250.1195650925759,254.5954370944537,249.32029842391177,251.4083709716797,45152300,0.0,0.0
2026-03-25 00:00:00-04:00,253.86611511385965,254.76528059453105,251.3684162845015,252.38746643066406,28476700,0.0,0.0
2026-03-26 00:00:00-04:00,251.88793104116345,256.76344411909713,250.53918279672283,252.6572265625,41796700,0.0,0.0
2026-03-27 00:00:00-04:00,253.666280215245,255.2548282141602,247.8416601166152,248.57098388671875,47900000,0.0,0.0
2026-03-30 00:00:00-04:00,249.83982057534305,250.63907198816298,245.28400520065438,246.40298461914062,39446200,0.0,0.0
2026-03-31 00:00:00-04:00,247.6818040942864,255.24482803058763,246.87255213324852,253.55638122558594,49598100,0.0,0.0
2026-04-01 00:00:00-04:00,253.8461228128272,255.94418062939917,253.096813183035,255.3946990966797,40059400,0.0,0.0
2026-04-02 00:00:00-04:00,253.96601496217014,255.89424639361263,250.4192795609811,255.68443298339844,31289400,0.0,0.0
2026-04-06 00:00:00-04:00,256.27389167390277,261.9186847371787,256.2239194053331,258.6217041015625,29329900,0.0,0.0
2026-04-07 00:00:00-04:00,255.92421782448065,255.96418954301222,245.47383916108728,253.26666259765625,62148000,0.0,0.0
2026-04-08 00:00:00-04:00,258.2121146377317,259.51090582044134,256.29386854025813,258.66168212890625,41032800,0.0,0.0
2026-04-09 00:00:00-04:00,258.7615948993736,260.879638597066,255.8342992320816,260.2502136230469,28121600,0.0,0.0
2026-04-10 00:00:00-04:00,259.7406946341393,261.94865175168746,258.78155637925676,260.240234375,31291500,0.0,0.0
2026-04-13 00:00:00-04:00,259.49093671136296,259.9405042051452,256.4237552437805,258.96142578125,36234700,0.0,0.0
2026-04-14 00:00:00-04:00,259.01136264890187,261.68888841493145,256.9532612999924,258.59173583984375,48370700,0.0,0.0
2026-04-15 00:00:00-04:00,257.92237663273806,266.3146386359468,257.57269269729437,266.18475341796875,49913500,0.0,0.0
2026-04-16 00:00:00-04:00,266.55439590858066,266.91408037974617,261.0294875448873,263.15753173828125,43323100,0.0,0.0
2026-04-17 00:00:00-04:00,266.7142527536172,272.0493335842862,266.47448343207725,269.98126220703125,61436200,0.0,0.0
2026-04-20 00:00:00-04:00,270.08114756253855,274.0275237795767,270.04120633500696,272.79864501953125,36590200,0.0,0.0
2026-04-21 00:00:00-04:00,271.250098918132,272.5488901425708,265.1557075406741,265.9250183105469,50209800,0.0,0.0
2026-04-22 00:00:00-04:00,267.5734973129919,273.48803128351057,266.62435952726383,272.9185791015625,43249200,0.0,0.0
2026-04-23 00:00:00-04:00,274.79681820267325,275.5161566987003,271.39995382845746,273.1783142089844,33399600,0.0,0.0
2026-04-24 00:00:00-04:00,272.50893317942314,272.80864483253174,269.4017800912603,270.81048583984375,38157100,0.0,0.0
2026-04-27 00:00:00-04:00,265.84505761361925,268.1129570778125,264.8260075108844,267.3636474609375,41466800,0.0,0.0
2026-04-28 00:00:00-04:00,272.0893199684016,272.97851539952296,268.4127145556596,270.4608154296875,40018900,0.0,0.0
2026-04-29 00:00:00-04:00,267.3037117460274,270.7905199823619,266.7942019267937,269.92132568359375,30047900,0.0,0.0
2026-04-30 00:00:00-04:00,270.25102650288807,275.7459641951834,267.893213328058,271.1002502441406,91848200,0.0,0.0
2026-05-01 00:00:00-04:00,278.6032901046287,286.95561044034525,278.1137509144006,279.88214111328125,79915400,0.0,0.0
2026-05-04 00:00:00-04:00,279.4025768563376,280.3716851917065,274.60697695873915,276.5751647949219,46668400,0.0,0.0
2026-05-05 00:00:00-04:00,276.6750995896243,284.30808218316156,276.2455026895375,283.9184265136719,49311700,0.0,0.0
2026-05-06 00:00:00-04:00,281.66051049385584,287.76487170009636,280.8112868075762,287.245361328125,58336100,0.0,0.0
2026-05-07 00:00:00-04:00,289.00371711581823,291.8611003514943,285.5169394038565,287.1754150390625,45224300,0.0,0.0
2026-05-08 00:00:00-04:00,289.7430674686918,294.4886952888782,289.7330669166447,293.0500183105469,52692800,0.0,0.0
2026-05-11 00:00:00-04:00,291.9800109863281,293.8800048828125,290.2300109863281,292.67999267578125,42247300,0.27,0.0
2026-05-12 00:00:00-04:00,292.55999755859375,295.2699890136719,292.55999755859375,294.79998779296875,45748100,0.0,0.0
2026-05-13 00:00:00-04:00,293.5,300.9200134277344,293.5,298.8699951171875,52684300,0.0,0.0
2026-05-14 00:00:00-04:00,299.82000732421875,300.45001220703125,295.3800048828125,298.2099914550781,35324900,0.0,0.0
2026-05-15 00:00:00-04:00,297.8999938964844,303.20001220703125,296.5199890136719,300.2300109863281,54862800,0.0,0.0
2026-05-18 00:00:00-04:00,300.239990234375,300.6600036621094,294.9100036621094,297.8399963378906,34483000,0.0,0.0
2026-05-19 00:00:00-04:00,296.9700012207031,300.510009765625,296.3500061035156,298.9700012207031,42243600,0.0,0.0
2026-05-20 00:00:00-04:00,298.17999267578125,302.79998779296875,298.0799865722656,302.25,38229800,0.0,0.0
2026-05-21 00:00:00-04:00,301.05999755859375,305.5400085449219,300.3999938964844,304.989990234375,42965100,0.0,0.0
2026-05-22 00:00:00-04:00,306.1199951171875,311.3999938964844,305.8399963378906,308.82000732421875,43670200,0.0,0.0
2026-05-26 00:00:00-04:00,309.55999755859375,311.82000732421875,307.6700134277344,308.3299865722656,48000500,0.0,0.0
2026-05-27 00:00:00-04:00,308.3299865722656,313.260009765625,308.29998779296875,310.8500061035156,50430900,0.0,0.0
2026-05-28 00:00:00-04:00,310.67999267578125,312.79998779296875,309.57000732421875,312.510009765625,48220400,0.0,0.0
2026-05-29 00:00:00-04:00,311.7799987792969,315.0,309.5299987792969,312.05999755859375,70026800,0.0,0.0
2026-06-01 00:00:00-04:00,309.6300048828125,310.94000244140625,305.0199890136719,306.30999755859375,48849900,0.0,0.0
2026-06-02 00:00:00-04:00,307.4599914550781,315.45001220703125,306.69000244140625,315.20001220703125,44534700,0.0,0.0
2026-06-03 00:00:00-04:00,314.17999267578125,316.94000244140625,308.8500061035156,310.260009765625,50836700,0.0,0.0
2026-06-04 00:00:00-04:00,313.2300109863281,313.5400085449219,309.6499938964844,311.2300109863281,44869100,0.0,0.0
2026-06-05 00:00:00-04:00,312.8599853515625,315.1700134277344,307.1499938964844,307.3399963378906,65310500,0.0,0.0
2026-06-08 00:00:00-04:00,308.739990234375,317.3999938964844,301.1700134277344,301.5400085449219,77949100,0.0,0.0
2026-06-09 00:00:00-04:00,300.2799987792969,300.75,287.7799987792969,290.54998779296875,70108800,0.0,0.0
2026-06-10 00:00:00-04:00,290.739990234375,294.75,287.3800048828125,291.5799865722656,52793300,0.0,0.0
2026-06-11 00:00:00-04:00,293.7200012207031,297.0,289.5899963378906,295.6300048828125,42572500,0.0,0.0
2026-06-12 00:00:00-04:00,296.0299987792969,297.1400146484375,289.6199951171875,291.1300048828125,38742100,0.0,0.0
2026-06-15 00:00:00-04:00,294.1199951171875,297.7799987792969,291.70001220703125,296.4200134277344,45732600,0.0,0.0
2026-06-16 00:00:00-04:00,295.25,300.4800109863281,293.9700012207031,299.239990234375,39874400,0.0,0.0
2026-06-17 00:00:00-04:00,300.8500061035156,302.07000732421875,294.3599853515625,295.95001220703125,42745100,0.0,0.0
2026-06-18 00:00:00-04:00,298.1099853515625,300.57000732421875,295.6199951171875,298.010009765625,85962200,0.0,0.0
2026-06-22 00:00:00-04:00,297.30999755859375,302.4200134277344,296.760009765625,297.010009765625,44879900,0.0,0.0
2026-06-23 00:00:00-04:00,297.5400085449219,301.6400146484375,294.17999267578125,294.29998779296875,52010900,0.0,0.0
2026-06-24 00:00:00-04:00,295.3599853515625,299.70001220703125,292.94000244140625,293.0799865722656,53081900,0.0,0.0
2026-06-25 00:00:00-04:00,287.3999938964844,288.79998779296875,273.75,275.1499938964844,107013700,0.0,0.0
2026-06-26 00:00:00-04:00,275.0,285.95001220703125,274.2099914550781,283.7799987792969,261775500,0.0,0.0
2026-06-29 00:00:00-04:00,286.7300109863281,288.3699951171875,279.8500061035156,281.739990234375,66427000,0.0,0.0
2026-06-30 00:00:00-04:00,281.1700134277344,289.94000244140625,280.70001220703125,289.3599853515625,65100200,0.0,0.0
2026-07-01 00:00:00-04:00,293.44000244140625,296.5899963378906,289.20001220703125,294.3800048828125,50164200,0.0,0.0
2026-07-02 00:00:00-04:00,294.1199951171875,309.4200134277344,293.67999267578125,308.6300048828125,75352800,0.0,0.0
2026-07-06 00:00:00-04:00,307.3599853515625,314.20001220703125,307.0,312.6600036621094,53590000,0.0,0.0
2026-07-07 00:00:00-04:00,315.2900085449219,315.4800109863281,310.1499938964844,310.6600036621094,42490000,0.0,0.0
2026-07-08 00:00:00-04:00,311.9100036621094,314.82000732421875,307.04998779296875,313.3900146484375,41323500,0.0,0.0
2026-07-09 00:00:00-04:00,310.510009765625,316.5299987792969,308.1600036621094,316.2200012207031,48124500,0.0,0.0
2026-07-10 00:00:00-04:00,314.7200012207031,316.9100036621094,312.1700134277344,315.32000732421875,34132300,0.0,0.0
2026-07-13 00:00:00-04:00,317.0199890136719,323.45001220703125,315.7799987792969,317.30999755859375,43257800,0.0,0.0
2026-07-14 00:00:00-04:00,313.760009765625,316.19000244140625,311.9100036621094,314.8599853515625,36336800,0.0,0.0
2026-07-15 00:00:00-04:00,317.6199951171875,328.7300109863281,317.32000732421875,327.5,60957600,0.0,0.0
2026-07-16 00:00:00-04:00,328.010009765625,334.67999267578125,326.7900085449219,333.260009765625,62970600,0.0,0.0
2026-07-17 00:00:00-04:00,331.9800109863281,334.989990234375,329.0,333.739990234375,63407100,0.0,0.0
2026-07-20 00:00:00-04:00,333.510009765625,333.7099914550781,323.67999267578125,326.5899963378906,53468000,0.0,0.0
2026-07-21 00:00:00-04:00,323.1300048828125,329.6000061035156,322.2200012207031,327.739990234375,41338900,0.0,0.0
2026-07-22 00:00:00-04:00,327.8699951171875,329.0,323.3399963378906,325.8900146484375,38755900,0.0,0.0
2026-07-23 00:00:00-04:00,321.7300109863281,323.29998779296875,319.3500061035156,321.6600036621094,40840800,0.0,0.0
2026-07-24 00:00:00-04:00,,,,,47460975,0.0,0.0
